[02Feb2026 00:50:07.240] [main/INFO] [cpw.mods.modlauncher.Launcher/MODLAUNCHER]: ModLauncher running: args [--launchTarget, forgeserver, --fml.forgeVersion, 47.4.0, --fml.mcVersion, 1.20.1, --fml.forgeGroup, net.minecraftforge, --fml.mcpVersion, 20230612.114412, nogui]
[02Feb2026 00:50:07.246] [main/INFO] [cpw.mods.modlauncher.Launcher/MODLAUNCHER]: ModLauncher 10.0.9+10.0.9+main.dcd20f30 starting: java version 17.0.17 by Ubuntu; OS Linux arch amd64 version 6.8.0-1030-azure
[02Feb2026 00:50:09.362] [main/INFO] [net.minecraftforge.fml.loading.ImmediateWindowHandler/]: ImmediateWindowProvider not loading because launch target is forgeserver
[02Feb2026 00:50:09.418] [main/INFO] [mixin/]: SpongePowered MIXIN Subsystem Version=0.8.5 Source=union:/workspaces/serverzombie/servidor_minecraft/libraries/org/spongepowered/mixin/0.8.5/mixin-0.8.5.jar%2365!/ Service=ModLauncher Env=SERVER
[02Feb2026 00:50:09.451] [main/WARN] [CrashAssistantJarInJarHelper/]: launchTarget: forgeserver. Crash Assistant is client only mod. Mod will do nothing!
[02Feb2026 00:50:09.923] [main/WARN] [net.minecraftforge.fml.loading.moddiscovery.ModFileParser/LOADING]: Mod file /workspaces/serverzombie/servidor_minecraft/libraries/net/minecraftforge/fmlcore/1.20.1-47.4.0/fmlcore-1.20.1-47.4.0.jar is missing mods.toml file
[02Feb2026 00:50:09.924] [main/WARN] [net.minecraftforge.fml.loading.moddiscovery.ModFileParser/LOADING]: Mod file /workspaces/serverzombie/servidor_minecraft/libraries/net/minecraftforge/javafmllanguage/1.20.1-47.4.0/javafmllanguage-1.20.1-47.4.0.jar is missing mods.toml file
[02Feb2026 00:50:09.925] [main/WARN] [net.minecraftforge.fml.loading.moddiscovery.ModFileParser/LOADING]: Mod file /workspaces/serverzombie/servidor_minecraft/libraries/net/minecraftforge/lowcodelanguage/1.20.1-47.4.0/lowcodelanguage-1.20.1-47.4.0.jar is missing mods.toml file
[02Feb2026 00:50:09.926] [main/WARN] [net.minecraftforge.fml.loading.moddiscovery.ModFileParser/LOADING]: Mod file /workspaces/serverzombie/servidor_minecraft/libraries/net/minecraftforge/mclanguage/1.20.1-47.4.0/mclanguage-1.20.1-47.4.0.jar is missing mods.toml file
[02Feb2026 00:50:10.962] [main/WARN] [net.minecraftforge.jarjar.selection.JarSelector/]: Attempted to select two dependency jars from JarJar which have the same identification: Mod File:  and Mod File: . Using Mod File: 
[02Feb2026 00:50:10.963] [main/WARN] [net.minecraftforge.jarjar.selection.JarSelector/]: Attempted to select two dependency jars from JarJar which have the same identification: Mod File:  and Mod File: . Using Mod File: 
[02Feb2026 00:50:10.964] [main/INFO] [net.minecraftforge.fml.loading.moddiscovery.JarInJarDependencyLocator/]: Found 90 dependencies adding them to mods collection
[02Feb2026 00:50:11.665] [main/INFO] [org.groovymc.gml.mappings.MappingsProvider/]: Starting runtime mappings setup...
[02Feb2026 00:50:11.683] [main/INFO] [org.groovymc.gml.internal.locator.ModLocatorInjector/]: Injecting ScriptModLocator candidates...
[02Feb2026 00:50:11.694] [main/INFO] [org.groovymc.gml.scriptmods.ScriptModLocator/]: Injected Jimfs file system
[02Feb2026 00:50:11.700] [main/INFO] [org.groovymc.gml.scriptmods.ScriptModLocator/]: Skipped loading script mods from directory /workspaces/serverzombie/servidor_minecraft/mods/scripts as it did not exist.
[02Feb2026 00:50:11.707] [main/INFO] [org.groovymc.gml.internal.locator.ModLocatorInjector/]: Injected ScriptModLocator mod candidates. Found 0 valid mod candidates and 0 broken mod files.
[02Feb2026 00:50:14.702] [GML Mappings Thread/INFO] [org.groovymc.gml.mappings.MappingsProvider/]: Loaded runtime mappings in 2991ms
[02Feb2026 00:50:14.703] [GML Mappings Thread/INFO] [org.groovymc.gml.mappings.MappingsProvider/]: Finished runtime mappings setup.
[02Feb2026 00:50:18.348] [main/INFO] [mixin/]: Compatibility level set to JAVA_17
[02Feb2026 00:50:18.419] [main/ERROR] [mixin/]: Mixin config bbb.mixins.json does not specify "minVersion" property
[02Feb2026 00:50:18.695] [main/ERROR] [mixin/]: Mixin config fabric-item-group-api-v1.mixins.json does not specify "minVersion" property
[02Feb2026 00:50:18.699] [main/ERROR] [mixin/]: Mixin config fabric-item-group-api-v1.client.mixins.json does not specify "minVersion" property
[02Feb2026 00:50:18.762] [main/ERROR] [mixin/]: Mixin config palladiumcore-common.mixins.json does not specify "minVersion" property
[02Feb2026 00:50:18.765] [main/ERROR] [mixin/]: Mixin config palladiumcore.mixins.json does not specify "minVersion" property
[02Feb2026 00:50:18.768] [main/ERROR] [mixin/]: Mixin config vc_gliders-common.mixins.json does not specify "minVersion" property
[02Feb2026 00:50:18.771] [main/ERROR] [mixin/]: Mixin config vc_gliders.mixins.json does not specify "minVersion" property
[02Feb2026 00:50:18.777] [main/ERROR] [mixin/]: Mixin config fabric-item-api-v1.client.mixins.json does not specify "minVersion" property
[02Feb2026 00:50:18.801] [main/ERROR] [mixin/]: Mixin config fabric-data-attachment-api-v1.mixins.json does not specify "minVersion" property
[02Feb2026 00:50:18.804] [main/ERROR] [mixin/]: Mixin config fabric-data-attachment-api-v1.client.mixins.json does not specify "minVersion" property
[02Feb2026 00:50:18.883] [main/ERROR] [mixin/]: Mixin config scaling_mobs.mixin.json does not specify "minVersion" property
[02Feb2026 00:50:19.098] [main/INFO] [net.fabricmc.loader.impl.bootstrap.FabricLoaderBootstrap/]: Propagating FML mod list to Fabric Loader
[02Feb2026 00:50:19.114] [main/INFO] [cpw.mods.modlauncher.LaunchServiceHandler/MODLAUNCHER]: Launching target 'forgeserver' with arguments [nogui]
[02Feb2026 00:50:19.151] [main/WARN] [mixin/]: Reference map 'createdeco-forge-refmap.json' for createdeco.mixins.json could not be read. If this is a development environment you can ignore this message
[02Feb2026 00:50:19.237] [main/WARN] [mixin/]: Reference map 'handcrafted-forge-1.20.1-forge-refmap.json' for handcrafted.mixins.json could not be read. If this is a development environment you can ignore this message
[02Feb2026 00:50:19.352] [main/WARN] [mixin/]: Reference map 'puzzlesaccessapi.common.refmap.json' for puzzlesaccessapi.common.mixins.json could not be read. If this is a development environment you can ignore this message
[02Feb2026 00:50:19.411] [main/WARN] [mixin/]: Reference map 'fastpaintings-forge-refmap.json' for fastpaintings-forge.mixins.json could not be read. If this is a development environment you can ignore this message
[02Feb2026 00:50:19.473] [main/INFO] [Puzzles Lib/]: Loading 215 mods:
	- access_denied 6.0.0
	- ageingspawners 2.0.0
	- aiycrates 1.0.0
	- alexsmobs 1.22.9
	- almanac 1.0.2
	- ambientenvironment 11.0.0.1
	- architectury 9.2.14
	- athena 3.1.2
	- atlaslib 1.1.12
	- attributeslib 1.3.7
	- automobility 0.4.2+1.20.1-forge
	- badmobs 19.0.4
	- balm 7.3.30
		\-- kuma_api 20.1.10
	- bbb 1.20.1-1.0.1
	- better_zombie_drops 1.0.0
	- bettermineshafts 1.20-Forge-4.0.4
	- binocularsmod 1.02
	- bloomingnature 1.0.12
	- bookshelf 20.2.13
	- carryon 2.1.2.7
	- charmofundying 6.5.0+1.20.1
	- citadel 2.6.1
	- cleanswing 1.8
	- cloth_config 11.1.136
	- clumps 12.0.0.4
	- cofh_core 11.0.2
	- collective 8.3
	- combatlog 2.3
	- combatroll 1.3.3+1.20.1
	- comforts 6.4.0+1.20.1
	- commongroovylibrary 0.3.3
	- configurableextramobdrops 3.5
	- copycats 2.2.2+mc.1.20.1-forge
	- corgilib 4.0.3.3
	- coroutil 1.20.1-1.3.7
	- corpse 1.20.1-1.0.20
	- corpsecurioscompat 2.2.2
	- crash_assistant 1.8.0
	- create 0.5.1.j
		\-- flywheel 0.6.11-13
	- create_netherless 1.3.0
	- create_radar 0.1
	- createdeco 2.0.2-1.20.1-forge
	- creativecore 2.12.32
	- cupboard 1.20.1-2.7
	- cure 1.0.0
	- curios 5.14.1+1.20.1
	- cw_additions 1.1.6
	- dataanchor 1.0.0.19
	- decorative_blocks 4.1.3
	- doapi 1.2.15
		\-- terraform 7.0.1
	- dummmmmmy 1.20-2.0.6
	- easy_villagers 1.20.1-1.1.39
	- ecologics 2.2.0
	- emi_letsdo_compat 1.6
	- enhancedcelestials 1.20.1-5.0.3.1
	- euphoria_patcher 1.6.4-r5.5.1-forge
	- experimentalsettingsdisabler 3.0
	- extragore 5.2.3.1
	- fallingtrees 0.13.2
	- farmersdelight 1.20.1-1.2.7
	- fastpaintings 1.20-1.2.7
	- fastsuite 5.1.0
	- firstjoinmessage 3.8
	- flan 1.20.1-1.11.7
		\-- lingua_bib 1.20.1-1.0.3
	- forge 47.4.0
	- forgivingworld 1.20.1-4.7
	- framework 0.7.15
	- ftblibrary 2001.2.9
	- ftbteams 2001.3.1
	- geckolib 4.7.1.2
	- glitchcore 0.0.1.1
	- gml 4.0.11
	- golemsarefriends 1.20.0-1.0.1
	- handcrafted 3.0.6
	- herbalbrews 1.0.12
	- hordes 1.5.4
	- immersive_aircraft 1.3.3+1.20.1
	- immersive_weathering 1.20.1-2.0.5
	- improved_village_placement 1.0.0
	- incontrol 1.20-9.3.2
	- insanelib 1.16.1
	- inventorysorter 23.0.8
	- item_obliterator 2.3.0
	- item_scrapper 1.2.5
	- item_scrapper_armorandtools 1.0.0
	- item_scrapper_taczpack 1.0.0
	- jamlib 1.3.5+1.20.1
	- jeffs_cursed_walking_structures 1.0.8
	- jrftl 1.6.0
	- keerdm_zombie_essentials 1.41
	- konkrete 1.8.0
	- kotlinforforge 4.11.0
	- kubejs 2001.6.5-build.16
	- letmedespawn 1.5.0
	- lithostitched 1.4.8
	- lootr 0.7.35.91
	- lostcities 1.20-7.3.6
	- map_atlases 1.20-6.0.16
	- marbledsarsenal 2.3.0.2
	- marbledsfirstaid 1.1.0.3
	- marbledsmelees 1.20.1-1.0.0
	- mcore 1.0.3.0
	- minecraft 1.20.1
	- mobcontrol 1.5.7
	- moonlight 1.20-2.13.82
	- mutantmonsters 8.0.7
	- myserveriscompatible 1.0
	- necronomicon 1.6.0
	- nobz 1.2
	- nostartupmessages 1.0.1
	- novillagerdm 5.0.0
	- octolib 0.5.0.1
	- openloader 19.0.4
	- overworld_netherite_ore 2.6
	- packetfixer 2.0.0
	- pandalib 0.5.2
	- patchouli 1.20.1-84.1-FORGE
	- philipsruins 5.3
	- pillagers_gun 2.2.0
	- placebo 8.6.3
	- pointblank 1.9.6
	- polymorph 0.49.10+1.20.1
		\-- spectrelib 0.13.17+1.20.1
	- projectvibrantjourneys 1.20.1-6.0.4
	- propertymodifier 0.3.3
	- puzzleslib 8.1.32
		\-- puzzlesaccessapi 20.1.1
	- railways 1.6.7+forge-mc1.20.1
	- refurbished_furniture 1.0.12
	- resourcefullib 2.1.29
	- rhino 2001.2.3-build.10
	- rightclickharvest 4.5.3+1.20.1
	- satako 7.0.33-1.20.1
	- scalingmobs 2.3
	- searchables 1.0.3
	- securitycraft 1.10.0.1
	- sereneseasons 9.1.0.2
	- simple_snowy_fix 2.1.3
	- simpleshops 1.2.2
	- simply_traps 1.6
	- sliceanddice 3.3.0
	- smartbrainlib 1.15
	- solonion 1.4.5
	- sophisticatedbackpacks 3.23.17.1246
	- sophisticatedcore 1.2.60.987
	- starterkit 7.4
	- structure_gel 2.16.2
	- structurecontrol 1.8.3
	- tacz 1.0.3
		\-- mixinextras 0.3.6
	- tax_cursed_painter 1.0.0
	- temporalapi 1.6.7
	- tenshilib 1.20.1-1.7.6
	- the_deep_void 1.28
	- the_deeper_void 1.0.0
	- toolbelt 1.20.02
	- totem_fragments 1.0.0
	- txnilib 1.0.24
		|-- fabric_api 0.92.2+1.11.12+1.20.1
		|-- fabric_api_base 0.4.31+ef105b4977
		|-- fabric_api_lookup_api_v1 1.6.36+67f9824077
		|-- fabric_biome_api_v1 13.0.13+dc36698e77
		|-- fabric_block_api_v1 1.0.11+0e6cb7f777
		|-- fabric_block_view_api_v2 1.0.1+0767707077
		|-- fabric_blockrenderlayer_v1 1.1.41+1d0da21e77
		|-- fabric_client_tags_api_v1 1.1.2+5d6761b877
		|-- fabric_command_api_v1 1.2.34+f71b366f77
		|-- fabric_command_api_v2 2.2.13+561530ec77
		|-- fabric_content_registries_v0 4.0.11+a670df1e77
		|-- fabric_convention_tags_v1 1.5.5+fa3d1c0177
		|-- fabric_data_attachment_api_v1 1.0.0+30ef839e77
		|-- fabric_data_generation_api_v1 12.3.4+369cb3a477
		|-- fabric_dimensions_v1 2.1.54+8005d10d77
		|-- fabric_entity_events_v1 1.6.0+4ca7515277
		|-- fabric_events_interaction_v0 0.6.2+0d0bd5a777
		|-- fabric_game_rule_api_v1 1.0.40+683d4da877
		|-- fabric_item_api_v1 2.1.28+4d0bbcfa77
		|-- fabric_item_group_api_v1 4.0.12+c9161c2d77
		|-- fabric_key_binding_api_v1 1.0.37+561530ec77
		|-- fabric_lifecycle_events_v1 2.2.22+afab492177
		|-- fabric_loot_api_v2 1.2.1+eb28f93e77
		|-- fabric_message_api_v1 5.1.9+52cc178c77
		|-- fabric_mining_level_api_v1 2.1.50+561530ec77
		|-- fabric_model_loading_api_v1 1.0.3+6274ab9d77
		|-- fabric_models_v0 0.4.2+7c3892a477
		|-- fabric_networking_api_v1 1.3.11+503a202477
		|-- fabric_object_builder_api_v1 11.1.3+4bd998fa77
		|-- fabric_particles_v1 1.1.2+78e1ecb877
		|-- fabric_recipe_api_v1 1.0.21+514a076577
		|-- fabric_registry_sync_v0 2.3.3+1c0ea72177
		|-- fabric_renderer_api_v1 3.2.1+cf68abbe77
		|-- fabric_renderer_indigo 1.5.2+b5b2da4177
		|-- fabric_rendering_data_attachment_v1 0.3.37+a6081afc77
		|-- fabric_rendering_fluids_v1 3.0.28+4ac5e37a77
		|-- fabric_rendering_v1 3.0.8+66e9a48f77
		|-- fabric_resource_conditions_api_v1 2.3.8+9e342fc177
		|-- fabric_resource_loader_v0 0.11.10+bcd08ed377
		|-- fabric_screen_api_v1 2.0.8+45a670a577
		|-- fabric_screen_handler_api_v1 1.3.30+561530ec77
		|-- fabric_sound_api_v1 1.0.13+4f23bd8477
		|-- fabric_transfer_api_v1 3.3.5+631c9cd677
		\-- fabric_transitive_access_wideners_v1 4.3.1+1880499877
	- unilib 1.1.0
	- uteamcore 5.1.4.382
	- vc_gliders 1.1.7
		|-- palladiumcore 1.20-2.0.0.0
		\-- playeranimator 1.0.2-rc1+1.20
	- voicechat 1.20.1-2.5.30
	- walkietalkie 1.3.0
	- watut 1.20.1-1.2.3
	- wegotrunnners 1.0.0
	- yungsapi 1.20-Forge-4.0.6
[02Feb2026 00:50:19.654] [main/WARN] [mixin/]: Reference map 'item_scrapper.refmap.json' for item_scrapper.mixins.json could not be read. If this is a development environment you can ignore this message
[02Feb2026 00:50:19.695] [main/WARN] [mixin/]: Reference map 'pandalib-common-common-refmap.json' for pandalib-common.mixins.json could not be read. If this is a development environment you can ignore this message
[02Feb2026 00:50:19.718] [main/WARN] [mixin/]: Reference map 'emi-letsdo-compat-common-refmap.json' for emi_letsdo_compat-common.mixins.json could not be read. If this is a development environment you can ignore this message
[02Feb2026 00:50:19.796] [main/WARN] [mixin/]: Reference map 'access_denied.refmap.json' for access_denied.mixins.json could not be read. If this is a development environment you can ignore this message
[02Feb2026 00:50:19.829] [main/WARN] [mixin/]: Reference map 'coroutil.refmap.json' for coroutil.mixins.json could not be read. If this is a development environment you can ignore this message
[02Feb2026 00:50:19.873] [main/WARN] [mixin/]: Reference map 'packetfixer-forge-forge-refmap.json' for packetfixer.forge.mixins.json could not be read. If this is a development environment you can ignore this message
[02Feb2026 00:50:20.496] [main/ERROR] [net.minecraftforge.fml.loading.RuntimeDistCleaner/DISTXFORM]: Attempted to load class net/minecraft/client/MouseHandler for invalid dist DEDICATED_SERVER
[02Feb2026 00:50:20.497] [main/WARN] [mixin/]: Error loading class: net/minecraft/client/MouseHandler (java.lang.RuntimeException: Attempted to load class net/minecraft/client/MouseHandler for invalid dist DEDICATED_SERVER)
[02Feb2026 00:50:20.497] [main/WARN] [mixin/]: @Mixin target net.minecraft.client.MouseHandler was not found fabric-screen-api-v1.mixins.json:MouseMixin
[02Feb2026 00:50:20.499] [main/ERROR] [net.minecraftforge.fml.loading.RuntimeDistCleaner/DISTXFORM]: Attempted to load class net/minecraft/client/gui/screens/Screen for invalid dist DEDICATED_SERVER
[02Feb2026 00:50:20.499] [main/WARN] [mixin/]: Error loading class: net/minecraft/client/gui/screens/Screen (java.lang.RuntimeException: Attempted to load class net/minecraft/client/gui/screens/Screen for invalid dist DEDICATED_SERVER)
[02Feb2026 00:50:20.499] [main/WARN] [mixin/]: @Mixin target net.minecraft.client.gui.screens.Screen was not found fabric-screen-api-v1.mixins.json:ScreenAccessor
[02Feb2026 00:50:20.670] [main/INFO] [net.minecraftforge.coremod.CoreMod.placebo/COREMODLOG]: Patching IForgeItemStack#getEnchantmentLevel
[02Feb2026 00:50:20.681] [main/INFO] [net.minecraftforge.coremod.CoreMod.placebo/COREMODLOG]: Patching IForgeItemStack#getEnchantmentLevel
[02Feb2026 00:50:21.074] [main/WARN] [mixin/]: Error loading class: dev/corgitaco/ohthetreesyoullgrow/world/level/levelgen/feature/TreeFromStructureNBTFeature (java.lang.ClassNotFoundException: dev.corgitaco.ohthetreesyoullgrow.world.level.levelgen.feature.TreeFromStructureNBTFeature)
[02Feb2026 00:50:21.075] [main/WARN] [mixin/]: @Mixin target dev.corgitaco.ohthetreesyoullgrow.world.level.levelgen.feature.TreeFromStructureNBTFeature was not found simple_snowy_fix.mixins.json:TreeFromStructureNBTFeatureMixin
[02Feb2026 00:50:21.078] [main/WARN] [mixin/]: Error loading class: net/regions_unexplored/world/level/feature/tree/AshenTreeFeature (java.lang.ClassNotFoundException: net.regions_unexplored.world.level.feature.tree.AshenTreeFeature)
[02Feb2026 00:50:21.078] [main/WARN] [mixin/]: @Mixin target net.regions_unexplored.world.level.feature.tree.AshenTreeFeature was not found simple_snowy_fix-forge.mixins.json:RUTreeFeatureMixin
[02Feb2026 00:50:21.081] [main/WARN] [mixin/]: Error loading class: net/regions_unexplored/world/level/feature/tree/AspenTreeFeature (java.lang.ClassNotFoundException: net.regions_unexplored.world.level.feature.tree.AspenTreeFeature)
[02Feb2026 00:50:21.081] [main/WARN] [mixin/]: @Mixin target net.regions_unexplored.world.level.feature.tree.AspenTreeFeature was not found simple_snowy_fix-forge.mixins.json:RUTreeFeatureMixin
[02Feb2026 00:50:21.084] [main/WARN] [mixin/]: Error loading class: net/regions_unexplored/world/level/feature/tree/CypressTreeFeature (java.lang.ClassNotFoundException: net.regions_unexplored.world.level.feature.tree.CypressTreeFeature)
[02Feb2026 00:50:21.084] [main/WARN] [mixin/]: @Mixin target net.regions_unexplored.world.level.feature.tree.CypressTreeFeature was not found simple_snowy_fix-forge.mixins.json:RUTreeFeatureMixin
[02Feb2026 00:50:21.087] [main/WARN] [mixin/]: Error loading class: net/regions_unexplored/world/level/feature/tree/DeadTreeFeature (java.lang.ClassNotFoundException: net.regions_unexplored.world.level.feature.tree.DeadTreeFeature)
[02Feb2026 00:50:21.088] [main/WARN] [mixin/]: @Mixin target net.regions_unexplored.world.level.feature.tree.DeadTreeFeature was not found simple_snowy_fix-forge.mixins.json:RUTreeFeatureMixin
[02Feb2026 00:50:21.091] [main/WARN] [mixin/]: Error loading class: net/regions_unexplored/world/level/feature/tree/GiantCypressTreeFeature (java.lang.ClassNotFoundException: net.regions_unexplored.world.level.feature.tree.GiantCypressTreeFeature)
[02Feb2026 00:50:21.091] [main/WARN] [mixin/]: @Mixin target net.regions_unexplored.world.level.feature.tree.GiantCypressTreeFeature was not found simple_snowy_fix-forge.mixins.json:RUTreeFeatureMixin
[02Feb2026 00:50:21.094] [main/WARN] [mixin/]: Error loading class: net/regions_unexplored/world/level/feature/tree/KapokTreeFeature (java.lang.ClassNotFoundException: net.regions_unexplored.world.level.feature.tree.KapokTreeFeature)
[02Feb2026 00:50:21.095] [main/WARN] [mixin/]: @Mixin target net.regions_unexplored.world.level.feature.tree.KapokTreeFeature was not found simple_snowy_fix-forge.mixins.json:RUTreeFeatureMixin
[02Feb2026 00:50:21.098] [main/WARN] [mixin/]: Error loading class: net/regions_unexplored/world/level/feature/tree/LushPineTreeFeature (java.lang.ClassNotFoundException: net.regions_unexplored.world.level.feature.tree.LushPineTreeFeature)
[02Feb2026 00:50:21.098] [main/WARN] [mixin/]: @Mixin target net.regions_unexplored.world.level.feature.tree.LushPineTreeFeature was not found simple_snowy_fix-forge.mixins.json:RUTreeFeatureMixin
[02Feb2026 00:50:21.102] [main/WARN] [mixin/]: Error loading class: net/regions_unexplored/world/level/feature/tree/PineTreeFeature (java.lang.ClassNotFoundException: net.regions_unexplored.world.level.feature.tree.PineTreeFeature)
[02Feb2026 00:50:21.102] [main/WARN] [mixin/]: @Mixin target net.regions_unexplored.world.level.feature.tree.PineTreeFeature was not found simple_snowy_fix-forge.mixins.json:RUTreeFeatureMixin
[02Feb2026 00:50:21.104] [main/WARN] [mixin/]: Error loading class: net/regions_unexplored/world/level/feature/tree/SmallOakTreeFeature (java.lang.ClassNotFoundException: net.regions_unexplored.world.level.feature.tree.SmallOakTreeFeature)
[02Feb2026 00:50:21.104] [main/WARN] [mixin/]: @Mixin target net.regions_unexplored.world.level.feature.tree.SmallOakTreeFeature was not found simple_snowy_fix-forge.mixins.json:RUTreeFeatureMixin
[02Feb2026 00:50:21.106] [main/WARN] [mixin/]: Error loading class: net/regions_unexplored/world/level/feature/tree/TreeShrubFeature (java.lang.ClassNotFoundException: net.regions_unexplored.world.level.feature.tree.TreeShrubFeature)
[02Feb2026 00:50:21.107] [main/WARN] [mixin/]: @Mixin target net.regions_unexplored.world.level.feature.tree.TreeShrubFeature was not found simple_snowy_fix-forge.mixins.json:RUTreeFeatureMixin
[02Feb2026 00:50:21.109] [main/WARN] [mixin/]: Error loading class: net/regions_unexplored/world/level/feature/tree/StrippedPineTreeFeature (java.lang.ClassNotFoundException: net.regions_unexplored.world.level.feature.tree.StrippedPineTreeFeature)
[02Feb2026 00:50:21.109] [main/WARN] [mixin/]: @Mixin target net.regions_unexplored.world.level.feature.tree.StrippedPineTreeFeature was not found simple_snowy_fix-forge.mixins.json:RUTreeFeatureMixin
[02Feb2026 00:50:21.113] [main/WARN] [mixin/]: Error loading class: net/regions_unexplored/world/level/feature/tree/LarchTreeFeature (java.lang.ClassNotFoundException: net.regions_unexplored.world.level.feature.tree.LarchTreeFeature)
[02Feb2026 00:50:21.113] [main/WARN] [mixin/]: @Mixin target net.regions_unexplored.world.level.feature.tree.LarchTreeFeature was not found simple_snowy_fix-forge.mixins.json:RUTreeFeatureMixin
[02Feb2026 00:50:21.115] [main/WARN] [mixin/]: Error loading class: net/regions_unexplored/world/level/feature/tree/MapleTreeFeature (java.lang.ClassNotFoundException: net.regions_unexplored.world.level.feature.tree.MapleTreeFeature)
[02Feb2026 00:50:21.115] [main/WARN] [mixin/]: @Mixin target net.regions_unexplored.world.level.feature.tree.MapleTreeFeature was not found simple_snowy_fix-forge.mixins.json:RUTreeFeatureMixin
[02Feb2026 00:50:21.121] [main/ERROR] [net.minecraftforge.fml.loading.RuntimeDistCleaner/DISTXFORM]: Attempted to load class net/minecraft/client/multiplayer/MultiPlayerGameMode for invalid dist DEDICATED_SERVER
[02Feb2026 00:50:21.121] [main/WARN] [mixin/]: Error loading class: net/minecraft/client/multiplayer/MultiPlayerGameMode (java.lang.RuntimeException: Attempted to load class net/minecraft/client/multiplayer/MultiPlayerGameMode for invalid dist DEDICATED_SERVER)
[02Feb2026 00:50:21.121] [main/WARN] [mixin/]: @Mixin target net.minecraft.client.multiplayer.MultiPlayerGameMode was not found mixins.cofhcore.json:MultiPlayerGameModeMixin
[02Feb2026 00:50:22.194] [main/WARN] [mixin/]: Error loading class: rbasamoyai/createbigcannons/cannon_control/contraption/MountedAutocannonContraption (java.lang.ClassNotFoundException: rbasamoyai.createbigcannons.cannon_control.contraption.MountedAutocannonContraption)
[02Feb2026 00:50:22.194] [main/WARN] [mixin/]: @Mixin target rbasamoyai.createbigcannons.cannon_control.contraption.MountedAutocannonContraption was not found create_radar.mixins.json:AutoCannonAccessor
[02Feb2026 00:50:22.665] [main/INFO] [MixinExtras|Service/]: Initializing MixinExtras via com.llamalad7.mixinextras.service.MixinExtrasServiceImpl(version=0.4.1).
[02Feb2026 00:50:23.652] [main/INFO] [net.minecraftforge.coremod.CoreMod.placebo/COREMODLOG]: Patching IForgeItemStack#getEnchantmentLevel
[02Feb2026 00:50:23.652] [main/INFO] [net.minecraftforge.coremod.CoreMod.placebo/COREMODLOG]: Patching IForgeItemStack#getEnchantmentLevel
[02Feb2026 00:50:26.224] [main/WARN] [mixin/]: @Redirect conflict. Skipping securitycraft.mixins.json:camera.ServerPlayerMixin->@Redirect::securitycraft$tick(Lnet/minecraft/server/level/ServerPlayer;DDDFF)V with priority 1100, already redirected by railways-common.mixins.json:conductor_possession.ServerPlayerMixin->@Redirect::railways$securitycraft$tick(Lnet/minecraft/server/level/ServerPlayer;DDDFF)V with priority 1200
[02Feb2026 00:50:26.561] [main/INFO] [net.minecraftforge.coremod.CoreMod.placebo/COREMODLOG]: Patching IForgeItemStack#getEnchantmentLevel
[02Feb2026 00:50:26.562] [main/INFO] [net.minecraftforge.coremod.CoreMod.placebo/COREMODLOG]: Patching IForgeItemStack#getEnchantmentLevel
[02Feb2026 00:50:27.532] [main/WARN] [mixin/]: @Inject(@At("INVOKE_ASSIGN")) Shift.BY=1 on palladiumcore-common.mixins.json:LightningBoltMixin::handler$zni000$tick exceeds the maximum allowed value: 0. Increase the value of maxShiftBy to suppress this warning.
[02Feb2026 00:50:29.516] [main/WARN] [mixin/]: @Inject(@At("INVOKE_ASSIGN")) Shift.BY=2 on refurbished_furniture.common.mixins.json:LevelChunkMixin::handler$bjh000$refurbishedFurniture$AfterRemoveBlockEntity exceeds the maximum allowed value: 0. Increase the value of maxShiftBy to suppress this warning.
[02Feb2026 00:50:31.067] [main/INFO] [org.groovymc.gml.internal.ModExtensionLoader/]: Skipping extension class org.groovymc.cgl.api.extension.client.MinecraftExtensions: it requires dist CLIENT, but we're running on DEDICATED_SERVER
[02Feb2026 00:50:31.447] [modloading-worker-0/INFO] [Structure Control/]: Structure Control, Forge Init
[02Feb2026 00:50:31.473] [modloading-worker-0/INFO] [Structure Control/]: Structure Control, Platform: Forge, Env: production
[02Feb2026 00:50:31.473] [modloading-worker-0/INFO] [satako/]: Satako loaded
[02Feb2026 00:50:31.516] [modloading-worker-0/INFO] [hordes/]: Trying to load common config
[02Feb2026 00:50:31.535] [modloading-worker-0/INFO] [hordes/]: Trying to load client config
[02Feb2026 00:50:31.546] [modloading-worker-0/INFO] [hordes/]: Config files are up to date, skipping data/asset generation
[02Feb2026 00:50:31.583] [modloading-worker-0/INFO] [Create Deco/]: Registering items for Create Deco
[02Feb2026 00:50:31.626] [modloading-worker-0/INFO] [net.permutated.novillagerdm.NoVillagerDeathMessages/]: Registering mod: novillagerdm
[02Feb2026 00:50:31.811] [modloading-worker-0/INFO] [Create Deco/]: Registering blocks for Create Deco
[02Feb2026 00:50:31.934] [modloading-worker-0/INFO] [gml/]: Initialised GML mod. Version: 4.0.11
[02Feb2026 00:50:32.169] [modloading-worker-0/INFO] [pointblank/]: Loading mod pointblank
[02Feb2026 00:50:32.327] [modloading-worker-0/INFO] [unilib/]: Disabling UniLib, as it is client side only.
[02Feb2026 00:50:32.601] [modloading-worker-0/INFO] [Puzzles Lib/]: Constructing common components for mutantmonsters:main
[02Feb2026 00:50:33.204] [modloading-worker-0/INFO] [com.leclowndu93150.corpsecurioscompat.Main/]: Hello from Corpse Curios Compat!
[02Feb2026 00:50:33.271] [modloading-worker-0/INFO] [net.minecraftforge.common.ForgeMod/FORGEMOD]: Forge mod loading, version 47.4.0, for MC 1.20.1 with MCP 20230612.114412
[02Feb2026 00:50:33.271] [modloading-worker-0/INFO] [net.minecraftforge.common.MinecraftForge/FORGE]: MinecraftForge v47.4.0 Initialized
[02Feb2026 00:50:33.504] [modloading-worker-0/INFO] [necronomicon/]: Necronomicon Initialized
[02Feb2026 00:50:33.511] [modloading-worker-0/INFO] [necronomicon/]: File exists, reading config for elocindev.necronomicon.NecronomiconConfig.
[02Feb2026 00:50:33.515] [modloading-worker-0/INFO] [necronomicon/]: Config for elocindev.necronomicon.NecronomiconConfig read successfully.
[02Feb2026 00:50:34.076] [modloading-worker-0/INFO] [Puzzles Lib/]: Constructing common components for puzzleslib:main
[02Feb2026 00:50:34.211] [modloading-worker-0/INFO] [thedarkcolour.kotlinforforge.test.KotlinForForge/]: Kotlin For Forge Enabled!
[02Feb2026 00:50:34.251] [modloading-worker-0/INFO] [insane96mcp.insanelib.InsaneLib/]: Found (COMMON) InsaneLib Feature class insane96mcp.insanelib.module.base.TagsFeature
[02Feb2026 00:50:34.274] [modloading-worker-0/INFO] [insane96mcp.insanelib.InsaneLib/]: Found (COMMON) InsaneLib Feature class insane96mcp.insanelib.module.base.FixFeature
[02Feb2026 00:50:34.276] [modloading-worker-0/INFO] [insane96mcp.insanelib.InsaneLib/]: Found (COMMON) InsaneLib Feature class insane96mcp.insanelib.module.base.BaseFeature
[02Feb2026 00:50:34.277] [modloading-worker-0/INFO] [insane96mcp.insanelib.InsaneLib/]: Found (COMMON) InsaneLib Feature class insane96mcp.insanelib.module.base.AEC3DFeature
[02Feb2026 00:50:34.502] [modloading-worker-0/INFO] [Bookshelf/]: Fixing MC-151457. Crafting remainder for minecraft:pufferfish_bucket is now minecraft:bucket.
[02Feb2026 00:50:34.502] [modloading-worker-0/INFO] [Bookshelf/]: Fixing MC-151457. Crafting remainder for minecraft:salmon_bucket is now minecraft:bucket.
[02Feb2026 00:50:34.502] [modloading-worker-0/INFO] [Bookshelf/]: Fixing MC-151457. Crafting remainder for minecraft:cod_bucket is now minecraft:bucket.
[02Feb2026 00:50:34.502] [modloading-worker-0/INFO] [Bookshelf/]: Fixing MC-151457. Crafting remainder for minecraft:tropical_fish_bucket is now minecraft:bucket.
[02Feb2026 00:50:34.502] [modloading-worker-0/INFO] [Bookshelf/]: Fixing MC-151457. Crafting remainder for minecraft:axolotl_bucket is now minecraft:bucket.
[02Feb2026 00:50:34.503] [modloading-worker-0/INFO] [Bookshelf/]: Fixing MC-151457. Crafting remainder for minecraft:powder_snow_bucket is now minecraft:bucket.
[02Feb2026 00:50:34.503] [modloading-worker-0/INFO] [Bookshelf/]: Fixing MC-151457. Crafting remainder for minecraft:tadpole_bucket is now minecraft:bucket.
[02Feb2026 00:50:34.599] [modloading-worker-0/INFO] [info.u_team.u_team_core.util.verify.JarSignVerifier/]: Mod uteamcore is signed with a valid certificate.
[02Feb2026 00:50:34.655] [modloading-worker-0/INFO] [Railways/]: Steam 'n' Rails v1.6.7 initializing! Commit hash: 0a7cc000d6c7a1419919bc3e315bc62932287eb9 on Create version: 0.5.1j on platform: Forge
[02Feb2026 00:50:34.822] [modloading-worker-0/INFO] [de.keksuccino.konkrete.Konkrete/]: [KONKRETE] Successfully initialized!
[02Feb2026 00:50:34.823] [modloading-worker-0/INFO] [de.keksuccino.konkrete.Konkrete/]: [KONKRETE] Server-side libs ready to use!
[02Feb2026 00:50:35.079] [modloading-worker-0/INFO] [Collective/]: Loading Collective version 8.3.
[02Feb2026 00:50:35.303] [modloading-worker-0/INFO] [dev.architectury.networking.forge.NetworkManagerImpl/]: Registering C2S receiver with id architectury:sync_ids
[02Feb2026 00:50:35.315] [modloading-worker-0/INFO] [JamLib/]: Initializing JamLib on Forge
[02Feb2026 00:50:35.320] [modloading-worker-0/INFO] [dev.architectury.networking.forge.NetworkManagerImpl/]: Registering C2S receiver with id ftblibrary:edit_nbt_response
[02Feb2026 00:50:35.378] [modloading-worker-0/INFO] [dev.architectury.networking.forge.NetworkManagerImpl/]: Registering C2S receiver with id walkietalkie:updatewalkietalkie_c2s
[02Feb2026 00:50:35.378] [modloading-worker-0/INFO] [dev.architectury.networking.forge.NetworkManagerImpl/]: Registering C2S receiver with id walkietalkie:updatespeaker_c2s
[02Feb2026 00:50:35.380] [modloading-worker-0/INFO] [dev.architectury.networking.forge.NetworkManagerImpl/]: Registering C2S receiver with id walkietalkie:activatekeypressed_c2s
[02Feb2026 00:50:35.424] [modloading-worker-0/INFO] [JamLib/]: Updated config file at /workspaces/serverzombie/servidor_minecraft/config/rightclickharvest.json5
[02Feb2026 00:50:35.425] [modloading-worker-0/INFO] [Right Click Harvest/]: Initializing Right Click Harvest on FORGE
[02Feb2026 00:50:35.434] [modloading-worker-0/INFO] [dev.architectury.networking.forge.NetworkManagerImpl/]: Registering C2S receiver with id ftbteams:open_gui
[02Feb2026 00:50:35.444] [modloading-worker-0/INFO] [dev.architectury.networking.forge.NetworkManagerImpl/]: Registering C2S receiver with id ftbteams:update_settings
[02Feb2026 00:50:35.446] [modloading-worker-0/INFO] [dev.architectury.networking.forge.NetworkManagerImpl/]: Registering C2S receiver with id ftbteams:send_message
[02Feb2026 00:50:35.452] [modloading-worker-0/INFO] [dev.architectury.networking.forge.NetworkManagerImpl/]: Registering C2S receiver with id ftbteams:create_party
[02Feb2026 00:50:35.465] [modloading-worker-0/INFO] [dev.architectury.networking.forge.NetworkManagerImpl/]: Registering C2S receiver with id ftbteams:player_gui_operation
[02Feb2026 00:50:35.475] [modloading-worker-0/INFO] [com.cupboard.Cupboard/]: Loaded config for: cupboard.json
[02Feb2026 00:50:35.639] [modloading-worker-0/INFO] [fallingtrees | Config/]: Successfully loaded config 'fallingtrees_common'
[02Feb2026 00:50:35.644] [modloading-worker-0/INFO] [fallingtrees | Config/]: Successfully saved config 'fallingtrees_common'
[02Feb2026 00:50:35.684] [modloading-worker-0/INFO] [Mob Control/]: Mob Control, Platform: Forge, Env: production
[02Feb2026 00:50:35.711] [modloading-worker-0/INFO] [KubeJS/]: Loaded common.properties
[02Feb2026 00:50:35.712] [modloading-worker-0/INFO] [KubeJS/]: Loaded dev.properties
[02Feb2026 00:50:35.729] [modloading-worker-0/INFO] [KubeJS/]: Looking for KubeJS plugins...
[02Feb2026 00:50:35.741] [modloading-worker-0/INFO] [KubeJS/]: Found plugin source kubejs
[02Feb2026 00:50:35.743] [modloading-worker-0/WARN] [Mob Control/]: WARNING: Mob ignored due to missing name
[02Feb2026 00:50:35.767] [modloading-worker-0/WARN] [KubeJS/]: Plugin dev.latvian.mods.kubejs.forge.BuiltinKubeJSForgeClientPlugin does not load on server side, skipping
[02Feb2026 00:50:35.769] [modloading-worker-0/WARN] [KubeJS/]: Plugin dev.latvian.mods.kubejs.integration.forge.gamestages.GameStagesIntegration does not have required mod gamestages loaded, skipping
[02Feb2026 00:50:35.786] [modloading-worker-0/INFO] [KubeJS/]: Done in 56.71 ms
[02Feb2026 00:50:36.242] [modloading-worker-0/INFO] [Rhino Script Remapper/]: Loading Rhino Minecraft remapper...
[02Feb2026 00:50:36.248] [modloading-worker-0/INFO] [dev.latvian.mods.rhino.mod.util.RhinoProperties/]: Rhino properties loaded.
[02Feb2026 00:50:36.254] [modloading-worker-0/INFO] [Rhino Script Remapper/]: Loading mappings for 1.20.1
[02Feb2026 00:50:36.431] [modloading-worker-0/INFO] [Rhino Script Remapper/]: Done in 0.185 s
[02Feb2026 00:50:37.131] [modloading-worker-0/INFO] [coroutil/]: forge loader environment detected
[02Feb2026 00:50:37.211] [modloading-worker-0/INFO] [Railways/]: Registered bogey styles from railways
[02Feb2026 00:50:37.400] [modloading-worker-0/INFO] [com.happysg.radar.CreateRadar/]: Initializing Create Radar!
[02Feb2026 00:50:37.402] [modloading-worker-0/INFO] [com.happysg.radar.CreateRadar/]: Registering Items!
[02Feb2026 00:50:37.451] [modloading-worker-0/INFO] [com.happysg.radar.CreateRadar/]: Registering blocks!
[02Feb2026 00:50:37.473] [modloading-worker-0/INFO] [KubeJS Startup/]: cwstartuptweaks.js#1: CW Tweaks Startup scripts successfully loaded.
[02Feb2026 00:50:37.500] [modloading-worker-0/INFO] [KubeJS Startup/]: Loaded script startup_scripts:cwstartuptweaks.js in 0.161 s
[02Feb2026 00:50:37.534] [modloading-worker-0/INFO] [KubeJS Startup/]: Loaded script startup_scripts:matt's_stims_startup.js in 0.027 s
[02Feb2026 00:50:37.535] [modloading-worker-0/INFO] [com.happysg.radar.CreateRadar/]: Registering block entity types!
[02Feb2026 00:50:37.536] [modloading-worker-0/INFO] [KubeJS Startup/]: Loaded script startup_scripts:disabledOres.js in 0.001 s
[02Feb2026 00:50:37.537] [modloading-worker-0/INFO] [com.happysg.radar.CreateRadar/]: Registering CreativeTabs!
[02Feb2026 00:50:37.544] [modloading-worker-0/INFO] [com.happysg.radar.CreateRadar/]: Registering Lang!
[02Feb2026 00:50:37.545] [modloading-worker-0/INFO] [KubeJS Startup/]: Loaded 3/3 KubeJS startup scripts in 1.105 s with 0 errors and 0 warnings
[02Feb2026 00:50:37.621] [modloading-worker-0/INFO] [com.happysg.radar.CreateRadar/]: Registering ContraptionType!
[02Feb2026 00:50:37.687] [modloading-worker-0/INFO] [Railways/]: Registering data fixers
[02Feb2026 00:50:37.708] [modloading-worker-0/INFO] [com.mojang.datafixers.DataFixerBuilder/]: 0 Datafixer optimizations took 0 milliseconds
[02Feb2026 00:50:37.732] [modloading-worker-0/INFO] [Railways/]: Registering tracks for Hex Casting
[02Feb2026 00:50:37.735] [modloading-worker-0/INFO] [Railways/]: Registering tracks for Oh The Biomes You'll Go
[02Feb2026 00:50:37.736] [modloading-worker-0/INFO] [Railways/]: Registering tracks for Blue Skies
[02Feb2026 00:50:37.736] [modloading-worker-0/INFO] [dev.architectury.networking.forge.NetworkManagerImpl/]: Registering C2S receiver with id kubejs:send_data_from_client
[02Feb2026 00:50:37.736] [modloading-worker-0/INFO] [Railways/]: Registering tracks for Twilight Forest
[02Feb2026 00:50:37.739] [modloading-worker-0/INFO] [Railways/]: Registering tracks for Biomes O' Plenty
[02Feb2026 00:50:37.739] [modloading-worker-0/INFO] [Railways/]: Registering tracks for Nature's Spirit
[02Feb2026 00:50:37.745] [modloading-worker-0/INFO] [Railways/]: Registering tracks for Dreams and Desires
[02Feb2026 00:50:37.745] [modloading-worker-0/INFO] [Railways/]: Registering tracks for Quark
[02Feb2026 00:50:37.746] [modloading-worker-0/INFO] [Railways/]: Registering tracks for TerraFirmaCraft
[02Feb2026 00:50:37.748] [modloading-worker-0/INFO] [dev.architectury.networking.forge.NetworkManagerImpl/]: Registering C2S receiver with id kubejs:first_click
[02Feb2026 00:50:37.905] [modloading-worker-0/INFO] [dev.tonimatas.packetfixer.PacketFixer/]: Packet Fixer has been initialized successfully
[02Feb2026 00:50:45.996] [main/INFO] [Moonlight/]: Initialized block sets in 22ms
[02Feb2026 00:50:46.050] [main/INFO] [Create Deco/]: placard tooltip was null
[02Feb2026 00:50:46.050] [main/INFO] [Create Deco/]: placard tooltip was null
[02Feb2026 00:50:46.050] [main/INFO] [Create Deco/]: placard tooltip was null
[02Feb2026 00:50:46.050] [main/INFO] [Create Deco/]: placard tooltip was null
[02Feb2026 00:50:46.050] [main/INFO] [Create Deco/]: placard tooltip was null
[02Feb2026 00:50:46.050] [main/INFO] [Create Deco/]: placard tooltip was null
[02Feb2026 00:50:46.050] [main/INFO] [Create Deco/]: placard tooltip was null
[02Feb2026 00:50:46.050] [main/INFO] [Create Deco/]: placard tooltip was null
[02Feb2026 00:50:46.050] [main/INFO] [Create Deco/]: placard tooltip was null
[02Feb2026 00:50:46.050] [main/INFO] [Create Deco/]: placard tooltip was null
[02Feb2026 00:50:46.051] [main/INFO] [Create Deco/]: placard tooltip was null
[02Feb2026 00:50:46.051] [main/INFO] [Create Deco/]: placard tooltip was null
[02Feb2026 00:50:46.051] [main/INFO] [Create Deco/]: placard tooltip was null
[02Feb2026 00:50:46.051] [main/INFO] [Create Deco/]: placard tooltip was null
[02Feb2026 00:50:46.051] [main/INFO] [Create Deco/]: placard tooltip was null
[02Feb2026 00:50:46.505] [main/WARN] [dev.architectury.registry.registries.forge.RegistrarManagerImpl/]: Registry entry listened Registry Entry [minecraft:entity_type / bloomingnature:wandering_gardener] was not realized!
[02Feb2026 00:50:46.505] [main/WARN] [dev.architectury.registry.registries.forge.RegistrarManagerImpl/]: Registry entry listened Registry Entry [minecraft:entity_type / bloomingnature:termite] was not realized!
[02Feb2026 00:50:46.886] [main/WARN] [dev.architectury.registry.registries.forge.RegistrarManagerImpl/]: Registry entry listened Registry Entry [minecraft:entity_type / bloomingnature:wandering_gardener] was not realized!
[02Feb2026 00:50:46.887] [main/WARN] [dev.architectury.registry.registries.forge.RegistrarManagerImpl/]: Registry entry listened Registry Entry [minecraft:entity_type / bloomingnature:termite] was not realized!
[02Feb2026 00:50:46.890] [main/WARN] [dev.architectury.registry.registries.forge.RegistrarManagerImpl/]: Registry entry listened Registry Entry [minecraft:entity_type / bloomingnature:wandering_gardener] was not realized!
[02Feb2026 00:50:46.890] [main/WARN] [dev.architectury.registry.registries.forge.RegistrarManagerImpl/]: Registry entry listened Registry Entry [minecraft:entity_type / bloomingnature:termite] was not realized!
[02Feb2026 00:50:46.890] [main/WARN] [dev.architectury.registry.registries.forge.RegistrarManagerImpl/]: Registry entry listened Registry Entry [minecraft:entity_type / bloomingnature:wandering_gardener] was not realized!
[02Feb2026 00:50:46.890] [main/WARN] [dev.architectury.registry.registries.forge.RegistrarManagerImpl/]: Registry entry listened Registry Entry [minecraft:entity_type / bloomingnature:termite] was not realized!
[02Feb2026 00:50:46.890] [main/WARN] [dev.architectury.registry.registries.forge.RegistrarManagerImpl/]: Registry entry listened Registry Entry [minecraft:entity_type / bloomingnature:wandering_gardener] was not realized!
[02Feb2026 00:50:46.890] [main/WARN] [dev.architectury.registry.registries.forge.RegistrarManagerImpl/]: Registry entry listened Registry Entry [minecraft:entity_type / bloomingnature:termite] was not realized!
[02Feb2026 00:50:47.287] [main/INFO] [ModdingLegacy/StructureGel/]: [structure_gel] Registering data for structure_gel:loot_table_alias
[02Feb2026 00:50:47.299] [main/INFO] [ModdingLegacy/StructureGel/]: [structure_gel] Registering data for structure_gel:data_handler_type
[02Feb2026 00:50:47.302] [main/INFO] [ModdingLegacy/StructureGel/]: [structure_gel] Registering data for structure_gel:dynamic_spawner
[02Feb2026 00:50:47.305] [main/INFO] [ModdingLegacy/StructureGel/]: [structure_gel] Registering data for structure_gel:jigsaw_type
[02Feb2026 00:50:47.467] [main/INFO] [Puzzles Lib/]: Loading common config for mutantmonsters
[02Feb2026 00:50:47.467] [Thread-4/INFO] [Puzzles Lib/]: Reloading common config for mutantmonsters
[02Feb2026 00:50:47.468] [Thread-4/INFO] [Puzzles Lib/]: Reloading common config for mutantmonsters
[02Feb2026 00:50:47.701] [modloading-worker-0/INFO] [com.forgivingworld.ForgivingWorldMod/]: forgivingworld mod initialized
[02Feb2026 00:50:47.724] [Thread-4/WARN] [com.mrbysco.ageingspawners.AgeingSpawners/]: Ageing Spawners' config just got changed on the file system!
[02Feb2026 00:50:47.773] [Forge Version Check/INFO] [net.minecraftforge.fml.VersionChecker/]: [hordes] Starting version check at https://raw.githubusercontent.com/SmileycorpMC/The-Hordes/1.20/update.json
[02Feb2026 00:50:47.787] [modloading-worker-0/INFO] [voicechat/]: [voicechat] Compatibility version 18
[02Feb2026 00:50:47.880] [modloading-worker-0/INFO] [incontrol/]: Enabling support for Lost Cities
[02Feb2026 00:50:47.880] [modloading-worker-0/INFO] [incontrol/]: Enabling support for Lost Cities
[02Feb2026 00:50:47.881] [modloading-worker-0/INFO] [incontrol/]: Enabling support for Serene Seasons
[02Feb2026 00:50:47.894] [modloading-worker-0/INFO] [voicechat/]: [voicechat] Loading plugins
[02Feb2026 00:50:47.909] [modloading-worker-0/INFO] [voicechat/]: [voicechat] Loaded 1 plugin(s)
[02Feb2026 00:50:47.909] [modloading-worker-0/INFO] [voicechat/]: [voicechat] Initializing plugins
[02Feb2026 00:50:47.937] [Forge Version Check/INFO] [net.minecraftforge.fml.VersionChecker/]: [hordes] Found status: OUTDATED Current: 1.5.4 Target: 1.5.4c
[02Feb2026 00:50:47.941] [modloading-worker-0/INFO] [voicechat/]: [voicechat] Initialized 1 plugin(s)
[02Feb2026 00:50:47.941] [Forge Version Check/INFO] [net.minecraftforge.fml.VersionChecker/]: [structure_gel] Starting version check at http://changelogs.moddinglegacy.com/structure-gel.json
[02Feb2026 00:50:47.943] [modloading-worker-0/INFO] [voicechat/]: [voicechat] Registering events for 'walkietalkie'
[02Feb2026 00:50:47.971] [modloading-worker-0/INFO] [necronomicon/]: File exists, reading config for elocindev.item_obliterator.forge.config.ConfigEntries.
[02Feb2026 00:50:47.975] [modloading-worker-0/INFO] [necronomicon/]: Config for elocindev.item_obliterator.forge.config.ConfigEntries read successfully.
[02Feb2026 00:50:47.980] [modloading-worker-0/INFO] [elocindev.item_obliterator.forge.ItemObliterator/]: Loaded Item Obliterator Config
[02Feb2026 00:50:48.034] [modloading-worker-0/INFO] [lostcities/]: Creating standard profiles into 'config/lostcities/profiles'
[02Feb2026 00:50:48.098] [modloading-worker-0/INFO] [lostcities/]: Reading existing profiles from 'config/lostcities/profiles'
[02Feb2026 00:50:48.197] [modloading-worker-0/INFO] [com.happysg.radar.CreateRadar/]: Registering Display Behaviors!
[02Feb2026 00:50:48.217] [modloading-worker-0/INFO] [CorgiLib/]: Initializing network...
[02Feb2026 00:50:48.226] [modloading-worker-0/INFO] [CorgiLib/]: Initialized network!
[02Feb2026 00:50:48.303] [Forge Version Check/INFO] [net.minecraftforge.fml.VersionChecker/]: [structure_gel] Found status: BETA Current: 2.16.2 Target: null
[02Feb2026 00:50:48.303] [Forge Version Check/INFO] [net.minecraftforge.fml.VersionChecker/]: [corpse] Starting version check at https://update.maxhenkel.de/forge/corpse
[02Feb2026 00:50:48.552] [main/INFO] [Framework/SYNCED_ENTITY_DATA]: Registered synced data key refurbished_furniture:lock_yaw for refurbished_furniture:seat
[02Feb2026 00:50:48.603] [main/INFO] [tacz/SYNCED_ENTITY_DATA_TAC_COPY]: Registered synced data key tacz:shoot_cool_down for minecraft:living_entity
[02Feb2026 00:50:48.603] [main/INFO] [tacz/SYNCED_ENTITY_DATA_TAC_COPY]: Registered synced data key tacz:melee_cool_down for minecraft:living_entity
[02Feb2026 00:50:48.604] [main/INFO] [tacz/SYNCED_ENTITY_DATA_TAC_COPY]: Registered synced data key tacz:reload_state for minecraft:living_entity
[02Feb2026 00:50:48.604] [main/INFO] [tacz/SYNCED_ENTITY_DATA_TAC_COPY]: Registered synced data key tacz:aiming_progress for minecraft:living_entity
[02Feb2026 00:50:48.604] [main/INFO] [tacz/SYNCED_ENTITY_DATA_TAC_COPY]: Registered synced data key tacz:draw_cool_down for minecraft:living_entity
[02Feb2026 00:50:48.605] [main/INFO] [tacz/SYNCED_ENTITY_DATA_TAC_COPY]: Registered synced data key tacz:is_aiming for minecraft:living_entity
[02Feb2026 00:50:48.605] [main/INFO] [tacz/SYNCED_ENTITY_DATA_TAC_COPY]: Registered synced data key tacz:sprint_time for minecraft:living_entity
[02Feb2026 00:50:48.605] [main/INFO] [tacz/SYNCED_ENTITY_DATA_TAC_COPY]: Registered synced data key tacz:bolt_cool_down for minecraft:living_entity
[02Feb2026 00:50:48.665] [main/INFO] [Moonlight/]: Initialized color sets in 57ms
[02Feb2026 00:50:48.834] [modloading-worker-0/ERROR] [ihh.propertymodifier.Logger/]: Could not find rarity  mentioned in entry "test" = 
[02Feb2026 00:50:49.094] [modloading-worker-0/ERROR] [ihh.propertymodifier.Logger/]: Could not find rarity  mentioned in entry "test" = 
[02Feb2026 00:50:49.305] [Forge Version Check/INFO] [net.minecraftforge.fml.VersionChecker/]: [corpse] Found status: OUTDATED Current: 1.20.1-1.0.20 Target: 1.20.1-1.0.23
[02Feb2026 00:50:49.307] [Forge Version Check/INFO] [net.minecraftforge.fml.VersionChecker/]: [gml] Starting version check at https://maven.moddinginquisition.org/releases/org/groovymc/gml/gml/forge-promotions.json
[02Feb2026 00:50:49.550] [Forge Version Check/INFO] [net.minecraftforge.fml.VersionChecker/]: [gml] Found status: BETA Current: 4.0.11 Target: null
[02Feb2026 00:50:49.550] [Forge Version Check/INFO] [net.minecraftforge.fml.VersionChecker/]: [searchables] Starting version check at https://updates.blamejared.com/get?n=searchables&gv=1.20.1
[02Feb2026 00:50:49.911] [Forge Version Check/INFO] [net.minecraftforge.fml.VersionChecker/]: [searchables] Found status: BETA Current: 1.0.3 Target: 1.0.3
[02Feb2026 00:50:49.911] [Forge Version Check/INFO] [net.minecraftforge.fml.VersionChecker/]: [atlaslib] Starting version check at https://raw.githubusercontent.com/SmileycorpMC/Atlas-Lib/1.20/update.json
[02Feb2026 00:50:49.923] [Forge Version Check/INFO] [net.minecraftforge.fml.VersionChecker/]: [atlaslib] Found status: UP_TO_DATE Current: 1.1.12 Target: null
[02Feb2026 00:50:49.924] [Forge Version Check/INFO] [net.minecraftforge.fml.VersionChecker/]: [unilib] Starting version check at https://raw.githubusercontent.com/CDAGaming/VersionLibrary/master/UniLib/update.json
[02Feb2026 00:50:49.940] [Forge Version Check/INFO] [net.minecraftforge.fml.VersionChecker/]: [unilib] Found status: AHEAD Current: 1.1.0 Target: null
[02Feb2026 00:50:49.941] [Forge Version Check/INFO] [net.minecraftforge.fml.VersionChecker/]: [sliceanddice] Starting version check at https://api.modrinth.com/updates/slice-and-dice/forge_updates.json
[02Feb2026 00:50:50.052] [Forge Version Check/INFO] [net.minecraftforge.fml.VersionChecker/]: [sliceanddice] Found status: OUTDATED Current: 3.3.0 Target: 3.6.0
[02Feb2026 00:50:50.053] [Forge Version Check/INFO] [net.minecraftforge.fml.VersionChecker/]: [mutantmonsters] Starting version check at https://raw.githubusercontent.com/Fuzss/modresources/main/update/mutantmonsters.json
[02Feb2026 00:50:50.072] [Forge Version Check/INFO] [net.minecraftforge.fml.VersionChecker/]: [mutantmonsters] Found status: OUTDATED Current: 8.0.7 Target: 8.0.8
[02Feb2026 00:50:50.073] [Forge Version Check/INFO] [net.minecraftforge.fml.VersionChecker/]: [puzzlesaccessapi] Starting version check at https://raw.githubusercontent.com/Fuzss/modresources/main/update/puzzlesaccessapi.json
[02Feb2026 00:50:50.091] [Forge Version Check/INFO] [net.minecraftforge.fml.VersionChecker/]: [puzzlesaccessapi] Found status: BETA Current: 20.1.1 Target: null
[02Feb2026 00:50:50.092] [Forge Version Check/INFO] [net.minecraftforge.fml.VersionChecker/]: [forge] Starting version check at https://files.minecraftforge.net/net/minecraftforge/forge/promotions_slim.json
[02Feb2026 00:50:50.215] [Forge Version Check/INFO] [net.minecraftforge.fml.VersionChecker/]: [forge] Found status: OUTDATED Current: 47.4.0 Target: 47.4.10
[02Feb2026 00:50:50.215] [Forge Version Check/INFO] [net.minecraftforge.fml.VersionChecker/]: [cofh_core] Starting version check at https://raw.github.com/cofh/version/main/cofh_core/update.json
[02Feb2026 00:50:50.292] [Forge Version Check/INFO] [net.minecraftforge.fml.VersionChecker/]: [cofh_core] Found status: AHEAD Current: 11.0.2 Target: null
[02Feb2026 00:50:50.293] [Forge Version Check/INFO] [net.minecraftforge.fml.VersionChecker/]: [voicechat] Starting version check at https://update.maxhenkel.de/forge/voicechat
[02Feb2026 00:50:50.401] [Forge Version Check/INFO] [net.minecraftforge.fml.VersionChecker/]: [voicechat] Found status: OUTDATED Current: 1.20.1-2.5.30 Target: 1.20.1-2.6.6
[02Feb2026 00:50:50.401] [Forge Version Check/INFO] [net.minecraftforge.fml.VersionChecker/]: [flywheel] Starting version check at https://api.modrinth.com/updates/flywheel/forge_updates.json
[02Feb2026 00:50:50.442] [Forge Version Check/INFO] [net.minecraftforge.fml.VersionChecker/]: [flywheel] Found status: BETA Current: 0.6.11-13 Target: null
[02Feb2026 00:50:50.442] [Forge Version Check/INFO] [net.minecraftforge.fml.VersionChecker/]: [securitycraft] Starting version check at https://www.github.com/Geforce132/SecurityCraft/raw/master/Updates/Forge.json
[02Feb2026 00:50:50.604] [Forge Version Check/INFO] [net.minecraftforge.fml.VersionChecker/]: [securitycraft] Found status: OUTDATED Current: 1.10.0.1 Target: 1.10.1
[02Feb2026 00:50:50.604] [Forge Version Check/INFO] [net.minecraftforge.fml.VersionChecker/]: [ambientenvironment] Starting version check at https://updates.blamejared.com/get?n=AmbientEnvironment&gv=1.20.1
[02Feb2026 00:50:50.700] [Forge Version Check/INFO] [net.minecraftforge.fml.VersionChecker/]: [ambientenvironment] Found status: BETA Current: 11.0.0.1 Target: 11.0.0.1
[02Feb2026 00:50:50.700] [Forge Version Check/INFO] [net.minecraftforge.fml.VersionChecker/]: [puzzleslib] Starting version check at https://raw.githubusercontent.com/Fuzss/modresources/main/update/puzzleslib.json
[02Feb2026 00:50:50.712] [Forge Version Check/INFO] [net.minecraftforge.fml.VersionChecker/]: [puzzleslib] Found status: OUTDATED Current: 8.1.32 Target: 8.1.33
[02Feb2026 00:50:50.712] [Forge Version Check/INFO] [net.minecraftforge.fml.VersionChecker/]: [bookshelf] Starting version check at https://updates.blamejared.com/get?n=bookshelf&gv=1.20.1
[02Feb2026 00:50:50.809] [Forge Version Check/INFO] [net.minecraftforge.fml.VersionChecker/]: [bookshelf] Found status: BETA Current: 20.2.13 Target: 20.2.13
[02Feb2026 00:50:50.809] [Forge Version Check/INFO] [net.minecraftforge.fml.VersionChecker/]: [uteamcore] Starting version check at https://api.u-team.info/update/uteamcore.json
[02Feb2026 00:50:51.012] [Forge Version Check/INFO] [net.minecraftforge.fml.VersionChecker/]: [uteamcore] Found status: UP_TO_DATE Current: 5.1.4.382 Target: null
[02Feb2026 00:50:51.012] [Forge Version Check/INFO] [net.minecraftforge.fml.VersionChecker/]: [refurbished_furniture] Starting version check at https://mrcrayfish.com/api/mod_update/forge/refurbished_furniture
[02Feb2026 00:50:51.163] [Forge Version Check/WARN] [net.minecraftforge.fml.VersionChecker/]: Failed to process update information
com.google.gson.JsonSyntaxException: java.lang.IllegalStateException: Expected BEGIN_OBJECT but was STRING at line 1 column 1 path $
	at com.google.gson.Gson.fromJson(Gson.java:1226) ~[gson-2.10.jar%2372!/:?]
	at com.google.gson.Gson.fromJson(Gson.java:1124) ~[gson-2.10.jar%2372!/:?]
	at com.google.gson.Gson.fromJson(Gson.java:1034) ~[gson-2.10.jar%2372!/:?]
	at com.google.gson.Gson.fromJson(Gson.java:969) ~[gson-2.10.jar%2372!/:?]
	at net.minecraftforge.fml.VersionChecker$1.process(VersionChecker.java:186) ~[fmlcore-1.20.1-47.4.0.jar%23423!/:?]
	at java.lang.Iterable.forEach(Iterable.java:75) ~[?:?]
	at net.minecraftforge.fml.VersionChecker$1.run(VersionChecker.java:117) ~[fmlcore-1.20.1-47.4.0.jar%23423!/:?]
Caused by: java.lang.IllegalStateException: Expected BEGIN_OBJECT but was STRING at line 1 column 1 path $
	at com.google.gson.stream.JsonReader.beginObject(JsonReader.java:393) ~[gson-2.10.jar%2372!/:?]
	at com.google.gson.internal.bind.MapTypeAdapterFactory$Adapter.read(MapTypeAdapterFactory.java:182) ~[gson-2.10.jar%2372!/:?]
	at com.google.gson.internal.bind.MapTypeAdapterFactory$Adapter.read(MapTypeAdapterFactory.java:144) ~[gson-2.10.jar%2372!/:?]
	at com.google.gson.Gson.fromJson(Gson.java:1214) ~[gson-2.10.jar%2372!/:?]
	... 6 more
[02Feb2026 00:50:51.165] [Forge Version Check/INFO] [net.minecraftforge.fml.VersionChecker/]: [copycats] Starting version check at https://raw.githubusercontent.com/copycats-plus/copycats/multiloader/update.json
[02Feb2026 00:50:51.175] [Forge Version Check/INFO] [net.minecraftforge.fml.VersionChecker/]: [copycats] Found status: AHEAD Current: 2.2.2+mc.1.20.1-forge Target: null
[02Feb2026 00:50:51.175] [Forge Version Check/INFO] [net.minecraftforge.fml.VersionChecker/]: [clumps] Starting version check at https://updates.blamejared.com/get?n=clumps&gv=1.20.1
[02Feb2026 00:50:51.272] [Forge Version Check/INFO] [net.minecraftforge.fml.VersionChecker/]: [clumps] Found status: BETA Current: 12.0.0.4 Target: 12.0.0.4
[02Feb2026 00:50:51.272] [Forge Version Check/INFO] [net.minecraftforge.fml.VersionChecker/]: [badmobs] Starting version check at https://updates.blamejared.com/get?n=badmobs&gv=1.20.1
[02Feb2026 00:50:51.369] [Forge Version Check/INFO] [net.minecraftforge.fml.VersionChecker/]: [badmobs] Found status: BETA Current: 19.0.4 Target: 19.0.4
[02Feb2026 00:50:51.369] [Forge Version Check/INFO] [net.minecraftforge.fml.VersionChecker/]: [moonlight] Starting version check at https://raw.githubusercontent.com/MehVahdJukaar/Moonlight/multi-loader/forge/update.json
[02Feb2026 00:50:51.381] [Forge Version Check/INFO] [net.minecraftforge.fml.VersionChecker/]: [moonlight] Found status: BETA Current: 1.20-2.13.82 Target: null
[02Feb2026 00:50:51.382] [Forge Version Check/INFO] [net.minecraftforge.fml.VersionChecker/]: [easy_villagers] Starting version check at https://update.maxhenkel.de/forge/easy_villagers
[02Feb2026 00:50:51.480] [Forge Version Check/INFO] [net.minecraftforge.fml.VersionChecker/]: [easy_villagers] Found status: AHEAD Current: 1.20.1-1.1.39 Target: null
[02Feb2026 00:50:51.480] [Forge Version Check/INFO] [net.minecraftforge.fml.VersionChecker/]: [packetfixer] Starting version check at https://api.modrinth.com/updates/packet-fixer/forge_updates.json
[02Feb2026 00:50:51.588] [Forge Version Check/INFO] [net.minecraftforge.fml.VersionChecker/]: [packetfixer] Found status: OUTDATED Current: 2.0.0 Target: 3.3.1
[02Feb2026 00:50:51.588] [Forge Version Check/INFO] [net.minecraftforge.fml.VersionChecker/]: [openloader] Starting version check at https://updates.blamejared.com/get?n=openloader&gv=1.20.1
[02Feb2026 00:50:51.683] [Forge Version Check/INFO] [net.minecraftforge.fml.VersionChecker/]: [openloader] Found status: BETA Current: 19.0.4 Target: 19.0.4
[02Feb2026 00:50:58.251] [main/INFO] [com.mojang.authlib.yggdrasil.YggdrasilAuthenticationService/]: Environment: authHost='https://authserver.mojang.com', accountsHost='https://api.mojang.com', sessionHost='https://sessionserver.mojang.com', servicesHost='https://api.minecraftservices.com', name='PROD'
[02Feb2026 00:51:06.044] [main/WARN] [net.minecraft.server.packs.VanillaPackResourcesBuilder/]: Assets URL 'union:/workspaces/serverzombie/servidor_minecraft/libraries/net/minecraft/server/1.20.1-20230612.114412/server-1.20.1-20230612.114412-srg.jar%23422!/assets/.mcassetsroot' uses unexpected schema
[02Feb2026 00:51:06.044] [main/WARN] [net.minecraft.server.packs.VanillaPackResourcesBuilder/]: Assets URL 'union:/workspaces/serverzombie/servidor_minecraft/libraries/net/minecraft/server/1.20.1-20230612.114412/server-1.20.1-20230612.114412-srg.jar%23422!/data/.mcassetsroot' uses unexpected schema
[02Feb2026 00:51:06.108] [main/INFO] [Open Loader/]: Preparing Data Pack injection.
[02Feb2026 00:51:06.108] [main/INFO] [Open Loader/]: Successfully injected 0/0 packs from /workspaces/serverzombie/servidor_minecraft/config/openloader/data.
[02Feb2026 00:51:06.212] [main/INFO] [com.ordana.immersive_weathering.ImmersiveWeathering/]: Generated runtime SERVER_DATA for pack Immersive Weathering Generated Pack (immersive_weathering) in: 15 ms
[02Feb2026 00:51:06.252] [main/INFO] [com.ordana.immersive_weathering.ImmersiveWeathering/]: Generated runtime SERVER_DATA for pack Immersive Weathering Generated Pack (immersive_weathering) in: 2 ms
[02Feb2026 00:51:06.288] [main/INFO] [KubeJS Server/]: Loaded script server_scripts:itemRecipeBlacklist.js in 0.004 s
[02Feb2026 00:51:06.289] [main/INFO] [KubeJS Server/]: Loaded script server_scripts:cursedwalkingrecipechanges.js in 0.001 s
[02Feb2026 00:51:06.291] [main/INFO] [KubeJS Server/]: Loaded script server_scripts:matt's_stims_server.js in 0.002 s
[02Feb2026 00:51:06.292] [main/INFO] [KubeJS Server/]: Loaded 3/3 KubeJS server scripts in 0.028 s with 0 errors and 0 warnings
[02Feb2026 00:51:06.292] [main/INFO] [KubeJS Server/]: Scripts loaded
[02Feb2026 00:51:06.311] [main/INFO] [KubeJS Server/]: Initializing recipe event...
[02Feb2026 00:51:08.230] [main/INFO] [com.github.alexthe666.alexsmobs.AlexsMobs/]: Adding datapack listener capsid_recipes
[02Feb2026 00:51:08.592] [Worker-Main-3/INFO] [KubeJS Server/]: [minecraft:block] Found 653 tags, added 2 objects, removed 0 objects
[02Feb2026 00:51:08.609] [Worker-Main-4/INFO] [KubeJS Server/]: [minecraft:item] Found 1040 tags, added 18 objects, removed 0 objects
[02Feb2026 00:51:08.620] [Worker-Main-3/ERROR] [net.minecraft.tags.TagLoader/]: Couldn't load tag fabric:mineable/needs_tool_level_3 as it is missing following references: netherite_ore_mod:ancientdebrisore (from Sky's Overworld Netherite 2.6 1.20.1 Forge.jar), 
	netherite_ore_mod:deepslate_ancient_debris_ore (from Sky's Overworld Netherite 2.6 1.20.1 Forge.jar), 
	netherite_ore_mod:netherite_ancient_debris_ore (from Sky's Overworld Netherite 2.6 1.20.1 Forge.jar)
[02Feb2026 00:51:09.633] [Worker-Main-3/ERROR] [net.minecraftforge.common.ForgeHooks/]: Couldn't parse element loot_tables:item_scrapper:blocks/scrapper_block
com.google.gson.JsonSyntaxException: Expected name to be an item, was unknown string 'gun_scrapper:scrapper_block'
	at net.minecraft.util.GsonHelper.m_13866_(GsonHelper.java:145) ~[server-1.20.1-20230612.114412-srg.jar%23422!/:?]
	at java.util.Optional.orElseThrow(Optional.java:403) ~[?:?]
	at net.minecraft.util.GsonHelper.m_13874_(GsonHelper.java:145) ~[server-1.20.1-20230612.114412-srg.jar%23422!/:?]
	at net.minecraft.util.GsonHelper.m_13909_(GsonHelper.java:153) ~[server-1.20.1-20230612.114412-srg.jar%23422!/:?]
	at net.minecraft.world.level.storage.loot.entries.LootItem$Serializer.m_7267_(LootItem.java:55) ~[server-1.20.1-20230612.114412-srg.jar%23422!/:?]
	at net.minecraft.world.level.storage.loot.entries.LootItem$Serializer.m_7267_(LootItem.java:40) ~[server-1.20.1-20230612.114412-srg.jar%23422!/:?]
	at net.minecraft.world.level.storage.loot.entries.LootPoolSingletonContainer$Serializer.m_5921_(LootPoolSingletonContainer.java:151) ~[server-1.20.1-20230612.114412-srg.jar%23422!/:?]
	at net.minecraft.world.level.storage.loot.entries.LootPoolSingletonContainer$Serializer.m_5921_(LootPoolSingletonContainer.java:129) ~[server-1.20.1-20230612.114412-srg.jar%23422!/:?]
	at net.minecraft.world.level.storage.loot.entries.LootPoolEntryContainer$Serializer.m_7561_(LootPoolEntryContainer.java:86) ~[server-1.20.1-20230612.114412-srg.jar%23422!/:?]
	at net.minecraft.world.level.storage.loot.entries.LootPoolEntryContainer$Serializer.m_7561_(LootPoolEntryContainer.java:74) ~[server-1.20.1-20230612.114412-srg.jar%23422!/:?]
	at net.minecraft.world.level.storage.loot.GsonAdapterFactory$JsonAdapter.deserialize(GsonAdapterFactory.java:102) ~[server-1.20.1-20230612.114412-srg.jar%23422!/:?]
	at com.google.gson.internal.bind.TreeTypeAdapter.read(TreeTypeAdapter.java:76) ~[gson-2.10.jar%2372!/:?]
	at com.google.gson.internal.bind.TypeAdapterRuntimeTypeWrapper.read(TypeAdapterRuntimeTypeWrapper.java:40) ~[gson-2.10.jar%2372!/:?]
	at com.google.gson.internal.bind.ArrayTypeAdapter.read(ArrayTypeAdapter.java:72) ~[gson-2.10.jar%2372!/:?]
	at com.google.gson.Gson.fromJson(Gson.java:1214) ~[gson-2.10.jar%2372!/:?]
	at com.google.gson.Gson.fromJson(Gson.java:1319) ~[gson-2.10.jar%2372!/:?]
	at com.google.gson.Gson.fromJson(Gson.java:1290) ~[gson-2.10.jar%2372!/:?]
	at com.google.gson.internal.bind.TreeTypeAdapter$GsonContextImpl.deserialize(TreeTypeAdapter.java:179) ~[gson-2.10.jar%2372!/:?]
	at net.minecraft.util.GsonHelper.m_13808_(GsonHelper.java:463) ~[server-1.20.1-20230612.114412-srg.jar%23422!/:?]
	at net.minecraft.util.GsonHelper.m_13836_(GsonHelper.java:471) ~[server-1.20.1-20230612.114412-srg.jar%23422!/:?]
	at net.minecraft.world.level.storage.loot.LootPool$Serializer.deserialize(LootPool.java:192) ~[server-1.20.1-20230612.114412-srg.jar%23422!/:?]
	at net.minecraft.world.level.storage.loot.LootPool$Serializer.deserialize(LootPool.java:189) ~[server-1.20.1-20230612.114412-srg.jar%23422!/:?]
	at com.google.gson.internal.bind.TreeTypeAdapter.read(TreeTypeAdapter.java:76) ~[gson-2.10.jar%2372!/:?]
	at com.google.gson.internal.bind.TypeAdapterRuntimeTypeWrapper.read(TypeAdapterRuntimeTypeWrapper.java:40) ~[gson-2.10.jar%2372!/:?]
	at com.google.gson.internal.bind.ArrayTypeAdapter.read(ArrayTypeAdapter.java:72) ~[gson-2.10.jar%2372!/:?]
	at com.google.gson.Gson.fromJson(Gson.java:1214) ~[gson-2.10.jar%2372!/:?]
	at com.google.gson.Gson.fromJson(Gson.java:1319) ~[gson-2.10.jar%2372!/:?]
	at com.google.gson.Gson.fromJson(Gson.java:1290) ~[gson-2.10.jar%2372!/:?]
	at com.google.gson.internal.bind.TreeTypeAdapter$GsonContextImpl.deserialize(TreeTypeAdapter.java:179) ~[gson-2.10.jar%2372!/:?]
	at net.minecraft.util.GsonHelper.m_13808_(GsonHelper.java:463) ~[server-1.20.1-20230612.114412-srg.jar%23422!/:?]
	at net.minecraft.util.GsonHelper.m_13845_(GsonHelper.java:481) ~[server-1.20.1-20230612.114412-srg.jar%23422!/:?]
	at net.minecraft.world.level.storage.loot.LootTable$Serializer.deserialize(LootTable.java:294) ~[server-1.20.1-20230612.114412-srg.jar%23422!/:?]
	at net.minecraft.world.level.storage.loot.LootTable$Serializer.deserialize(LootTable.java:291) ~[server-1.20.1-20230612.114412-srg.jar%23422!/:?]
	at com.google.gson.internal.bind.TreeTypeAdapter.read(TreeTypeAdapter.java:76) ~[gson-2.10.jar%2372!/:?]
	at com.google.gson.Gson.fromJson(Gson.java:1214) ~[gson-2.10.jar%2372!/:?]
	at com.google.gson.Gson.fromJson(Gson.java:1319) ~[gson-2.10.jar%2372!/:?]
	at com.google.gson.Gson.fromJson(Gson.java:1261) ~[gson-2.10.jar%2372!/:?]
	at net.minecraftforge.common.ForgeHooks.loadLootTable(ForgeHooks.java:871) ~[forge-1.20.1-47.4.0-universal.jar%23427!/:?]
	at net.minecraftforge.common.ForgeHooks.lambda$getLootTableDeserializer$3(ForgeHooks.java:848) ~[forge-1.20.1-47.4.0-universal.jar%23427!/:?]
	at net.minecraft.world.level.storage.loot.LootDataType.deserialize(LootDataType.java:45) ~[server-1.20.1-20230612.114412-srg.jar%23422!/:?]
	at net.minecraft.world.level.storage.loot.LootDataManager.lambda$scheduleElementParse$4(LootDataManager.java:56) ~[server-1.20.1-20230612.114412-srg.jar%23422!/:?]
	at java.util.HashMap.forEach(HashMap.java:1421) ~[?:?]
	at net.minecraft.world.level.storage.loot.LootDataManager.m_278660_(LootDataManager.java:55) ~[server-1.20.1-20230612.114412-srg.jar%23422!/:?]
	at java.util.concurrent.CompletableFuture$AsyncRun.run(CompletableFuture.java:1804) ~[?:?]
	at java.util.concurrent.CompletableFuture$AsyncRun.exec(CompletableFuture.java:1796) ~[?:?]
	at java.util.concurrent.ForkJoinTask.doExec(ForkJoinTask.java:373) ~[?:?]
	at java.util.concurrent.ForkJoinPool$WorkQueue.topLevelExec(ForkJoinPool.java:1182) ~[?:?]
	at java.util.concurrent.ForkJoinPool.scan(ForkJoinPool.java:1655) ~[?:?]
	at java.util.concurrent.ForkJoinPool.runWorker(ForkJoinPool.java:1622) ~[?:?]
	at java.util.concurrent.ForkJoinWorkerThread.run(ForkJoinWorkerThread.java:165) ~[?:?]
[02Feb2026 00:51:10.041] [Worker-Main-3/ERROR] [net.minecraftforge.common.ForgeHooks/]: Couldn't parse element loot_tables:aiycrates:blocks/blue_filum_table
com.google.gson.JsonSyntaxException: Expected name to be an item, was unknown string 'getit:blue_filum'
	at net.minecraft.util.GsonHelper.m_13866_(GsonHelper.java:145) ~[server-1.20.1-20230612.114412-srg.jar%23422!/:?]
	at java.util.Optional.orElseThrow(Optional.java:403) ~[?:?]
	at net.minecraft.util.GsonHelper.m_13874_(GsonHelper.java:145) ~[server-1.20.1-20230612.114412-srg.jar%23422!/:?]
	at net.minecraft.util.GsonHelper.m_13909_(GsonHelper.java:153) ~[server-1.20.1-20230612.114412-srg.jar%23422!/:?]
	at net.minecraft.world.level.storage.loot.entries.LootItem$Serializer.m_7267_(LootItem.java:55) ~[server-1.20.1-20230612.114412-srg.jar%23422!/:?]
	at net.minecraft.world.level.storage.loot.entries.LootItem$Serializer.m_7267_(LootItem.java:40) ~[server-1.20.1-20230612.114412-srg.jar%23422!/:?]
	at net.minecraft.world.level.storage.loot.entries.LootPoolSingletonContainer$Serializer.m_5921_(LootPoolSingletonContainer.java:151) ~[server-1.20.1-20230612.114412-srg.jar%23422!/:?]
	at net.minecraft.world.level.storage.loot.entries.LootPoolSingletonContainer$Serializer.m_5921_(LootPoolSingletonContainer.java:129) ~[server-1.20.1-20230612.114412-srg.jar%23422!/:?]
	at net.minecraft.world.level.storage.loot.entries.LootPoolEntryContainer$Serializer.m_7561_(LootPoolEntryContainer.java:86) ~[server-1.20.1-20230612.114412-srg.jar%23422!/:?]
	at net.minecraft.world.level.storage.loot.entries.LootPoolEntryContainer$Serializer.m_7561_(LootPoolEntryContainer.java:74) ~[server-1.20.1-20230612.114412-srg.jar%23422!/:?]
	at net.minecraft.world.level.storage.loot.GsonAdapterFactory$JsonAdapter.deserialize(GsonAdapterFactory.java:102) ~[server-1.20.1-20230612.114412-srg.jar%23422!/:?]
	at com.google.gson.internal.bind.TreeTypeAdapter.read(TreeTypeAdapter.java:76) ~[gson-2.10.jar%2372!/:?]
	at com.google.gson.internal.bind.TypeAdapterRuntimeTypeWrapper.read(TypeAdapterRuntimeTypeWrapper.java:40) ~[gson-2.10.jar%2372!/:?]
	at com.google.gson.internal.bind.ArrayTypeAdapter.read(ArrayTypeAdapter.java:72) ~[gson-2.10.jar%2372!/:?]
	at com.google.gson.Gson.fromJson(Gson.java:1214) ~[gson-2.10.jar%2372!/:?]
	at com.google.gson.Gson.fromJson(Gson.java:1319) ~[gson-2.10.jar%2372!/:?]
	at com.google.gson.Gson.fromJson(Gson.java:1290) ~[gson-2.10.jar%2372!/:?]
	at com.google.gson.internal.bind.TreeTypeAdapter$GsonContextImpl.deserialize(TreeTypeAdapter.java:179) ~[gson-2.10.jar%2372!/:?]
	at net.minecraft.util.GsonHelper.m_13808_(GsonHelper.java:463) ~[server-1.20.1-20230612.114412-srg.jar%23422!/:?]
	at net.minecraft.util.GsonHelper.m_13836_(GsonHelper.java:471) ~[server-1.20.1-20230612.114412-srg.jar%23422!/:?]
	at net.minecraft.world.level.storage.loot.LootPool$Serializer.deserialize(LootPool.java:192) ~[server-1.20.1-20230612.114412-srg.jar%23422!/:?]
	at net.minecraft.world.level.storage.loot.LootPool$Serializer.deserialize(LootPool.java:189) ~[server-1.20.1-20230612.114412-srg.jar%23422!/:?]
	at com.google.gson.internal.bind.TreeTypeAdapter.read(TreeTypeAdapter.java:76) ~[gson-2.10.jar%2372!/:?]
	at com.google.gson.internal.bind.TypeAdapterRuntimeTypeWrapper.read(TypeAdapterRuntimeTypeWrapper.java:40) ~[gson-2.10.jar%2372!/:?]
	at com.google.gson.internal.bind.ArrayTypeAdapter.read(ArrayTypeAdapter.java:72) ~[gson-2.10.jar%2372!/:?]
	at com.google.gson.Gson.fromJson(Gson.java:1214) ~[gson-2.10.jar%2372!/:?]
	at com.google.gson.Gson.fromJson(Gson.java:1319) ~[gson-2.10.jar%2372!/:?]
	at com.google.gson.Gson.fromJson(Gson.java:1290) ~[gson-2.10.jar%2372!/:?]
	at com.google.gson.internal.bind.TreeTypeAdapter$GsonContextImpl.deserialize(TreeTypeAdapter.java:179) ~[gson-2.10.jar%2372!/:?]
	at net.minecraft.util.GsonHelper.m_13808_(GsonHelper.java:463) ~[server-1.20.1-20230612.114412-srg.jar%23422!/:?]
	at net.minecraft.util.GsonHelper.m_13845_(GsonHelper.java:481) ~[server-1.20.1-20230612.114412-srg.jar%23422!/:?]
	at net.minecraft.world.level.storage.loot.LootTable$Serializer.deserialize(LootTable.java:294) ~[server-1.20.1-20230612.114412-srg.jar%23422!/:?]
	at net.minecraft.world.level.storage.loot.LootTable$Serializer.deserialize(LootTable.java:291) ~[server-1.20.1-20230612.114412-srg.jar%23422!/:?]
	at com.google.gson.internal.bind.TreeTypeAdapter.read(TreeTypeAdapter.java:76) ~[gson-2.10.jar%2372!/:?]
	at com.google.gson.Gson.fromJson(Gson.java:1214) ~[gson-2.10.jar%2372!/:?]
	at com.google.gson.Gson.fromJson(Gson.java:1319) ~[gson-2.10.jar%2372!/:?]
	at com.google.gson.Gson.fromJson(Gson.java:1261) ~[gson-2.10.jar%2372!/:?]
	at net.minecraftforge.common.ForgeHooks.loadLootTable(ForgeHooks.java:871) ~[forge-1.20.1-47.4.0-universal.jar%23427!/:?]
	at net.minecraftforge.common.ForgeHooks.lambda$getLootTableDeserializer$3(ForgeHooks.java:848) ~[forge-1.20.1-47.4.0-universal.jar%23427!/:?]
	at net.minecraft.world.level.storage.loot.LootDataType.deserialize(LootDataType.java:45) ~[server-1.20.1-20230612.114412-srg.jar%23422!/:?]
	at net.minecraft.world.level.storage.loot.LootDataManager.lambda$scheduleElementParse$4(LootDataManager.java:56) ~[server-1.20.1-20230612.114412-srg.jar%23422!/:?]
	at java.util.HashMap.forEach(HashMap.java:1421) ~[?:?]
	at net.minecraft.world.level.storage.loot.LootDataManager.m_278660_(LootDataManager.java:55) ~[server-1.20.1-20230612.114412-srg.jar%23422!/:?]
	at java.util.concurrent.CompletableFuture$AsyncRun.run(CompletableFuture.java:1804) ~[?:?]
	at java.util.concurrent.CompletableFuture$AsyncRun.exec(CompletableFuture.java:1796) ~[?:?]
	at java.util.concurrent.ForkJoinTask.doExec(ForkJoinTask.java:373) ~[?:?]
	at java.util.concurrent.ForkJoinPool$WorkQueue.topLevelExec(ForkJoinPool.java:1182) ~[?:?]
	at java.util.concurrent.ForkJoinPool.scan(ForkJoinPool.java:1655) ~[?:?]
	at java.util.concurrent.ForkJoinPool.runWorker(ForkJoinPool.java:1622) ~[?:?]
	at java.util.concurrent.ForkJoinWorkerThread.run(ForkJoinWorkerThread.java:165) ~[?:?]
[02Feb2026 00:51:10.593] [main/INFO] [KubeJS Server/]: Processing recipes...
[02Feb2026 00:51:10.619] [main/WARN] [KubeJS Server/]: Failed to parse recipe 'the_deep_void:bismuth_netherite_sword_recipe[minecraft:smithing_transform]'! Falling back to vanilla: Ingredient 'template' can't be empty!
[02Feb2026 00:51:10.633] [main/WARN] [KubeJS Server/]: Failed to parse recipe 'the_deep_void:lavendite_onyx_sword[minecraft:smithing_transform]'! Falling back to vanilla: Ingredient 'template' can't be empty!
[02Feb2026 00:51:10.645] [main/WARN] [KubeJS Server/]: Failed to parse recipe 'the_deep_void:lavendite_netherite_sword[minecraft:smithing_transform]'! Falling back to vanilla: Ingredient 'template' can't be empty!
[02Feb2026 00:51:10.686] [main/WARN] [KubeJS Server/]: Failed to parse recipe 'the_deep_void:bismuth_netherite_helmet[minecraft:smithing_transform]'! Falling back to vanilla: Ingredient 'template' can't be empty!
[02Feb2026 00:51:10.693] [main/WARN] [KubeJS Server/]: Failed to parse recipe 'the_deep_void:lavendite_golden_sword[minecraft:smithing_transform]'! Falling back to vanilla: Ingredient 'template' can't be empty!
[02Feb2026 00:51:10.694] [main/WARN] [KubeJS Server/]: Failed to parse recipe 'the_deep_void:bismuth_netherite_pickaxe_recipe[minecraft:smithing_transform]'! Falling back to vanilla: Ingredient 'template' can't be empty!
[02Feb2026 00:51:10.695] [main/WARN] [KubeJS Server/]: Failed to parse recipe 'the_deep_void:bismuth_netherite_leggings[minecraft:smithing_transform]'! Falling back to vanilla: Ingredient 'template' can't be empty!
[02Feb2026 00:51:10.697] [main/WARN] [KubeJS Server/]: Failed to parse recipe 'the_deep_void:lavendite_wooden_sword[minecraft:smithing_transform]'! Falling back to vanilla: Ingredient 'template' can't be empty!
[02Feb2026 00:51:10.698] [main/WARN] [KubeJS Server/]: Failed to parse recipe 'the_deep_void:bismuth_netherite_shovel_recipe[minecraft:smithing_transform]'! Falling back to vanilla: Ingredient 'template' can't be empty!
[02Feb2026 00:51:10.714] [main/WARN] [KubeJS Server/]: Failed to parse recipe 'the_deep_void:lavendite_shield[minecraft:smithing_transform]'! Falling back to vanilla: Ingredient 'template' can't be empty!
[02Feb2026 00:51:10.721] [main/WARN] [KubeJS Server/]: Failed to parse recipe 'the_deep_void:bismuth_netherite_boots[minecraft:smithing_transform]'! Falling back to vanilla: Ingredient 'template' can't be empty!
[02Feb2026 00:51:10.727] [main/WARN] [KubeJS Server/]: Failed to parse recipe 'the_deep_void:bismuth_netherite_axe_recipe[minecraft:smithing_transform]'! Falling back to vanilla: Ingredient 'template' can't be empty!
[02Feb2026 00:51:10.737] [main/WARN] [KubeJS Server/]: Failed to parse recipe 'the_deep_void:lavendite_stone_sword[minecraft:smithing_transform]'! Falling back to vanilla: Ingredient 'template' can't be empty!
[02Feb2026 00:51:10.743] [main/WARN] [KubeJS Server/]: Failed to parse recipe 'the_deep_void:lavendite_diamond_sword[minecraft:smithing_transform]'! Falling back to vanilla: Ingredient 'template' can't be empty!
[02Feb2026 00:51:10.756] [main/WARN] [KubeJS Server/]: Failed to parse recipe 'the_deep_void:bismuth_netherite_hoe_recipe[minecraft:smithing_transform]'! Falling back to vanilla: Ingredient 'template' can't be empty!
[02Feb2026 00:51:10.761] [main/WARN] [KubeJS Server/]: Failed to parse recipe 'the_deep_void:lavendite_bone_sword[minecraft:smithing_transform]'! Falling back to vanilla: Ingredient 'template' can't be empty!
[02Feb2026 00:51:10.763] [main/WARN] [KubeJS Server/]: Failed to parse recipe 'the_deep_void:rotten_golden_sword[minecraft:smithing_transform]'! Falling back to vanilla: Ingredient 'template' can't be empty!
[02Feb2026 00:51:10.766] [main/WARN] [KubeJS Server/]: Failed to parse recipe 'the_deep_void:bismuth_netherite_chestplate[minecraft:smithing_transform]'! Falling back to vanilla: Ingredient 'template' can't be empty!
[02Feb2026 00:51:10.953] [main/WARN] [KubeJS Server/]: Failed to parse recipe 'the_deep_void:lavendite_iron_sword[minecraft:smithing_transform]'! Falling back to vanilla: Ingredient 'template' can't be empty!
[02Feb2026 00:51:10.995] [main/WARN] [KubeJS Server/]: Failed to parse recipe 'the_deep_void:void_vision_spyglass[minecraft:smithing_transform]'! Falling back to vanilla: Ingredient 'template' can't be empty!
[02Feb2026 00:51:11.008] [main/INFO] [KubeJS Server/]: Found 9198 recipes in 413.2 ms
[02Feb2026 00:51:11.010] [main/INFO] [KubeJS Server/]: itemRecipeBlacklist.js#47: immersive_weathering:iron_ingot_from_clean_block
[02Feb2026 00:51:11.010] [main/INFO] [KubeJS Server/]: itemRecipeBlacklist.js#47: immersive_weathering:iron_ingot_from_clean_block_blasting
[02Feb2026 00:51:11.010] [main/INFO] [KubeJS Server/]: itemRecipeBlacklist.js#47: immersive_weathering:iron_ingot_from_exposed_block
[02Feb2026 00:51:11.010] [main/INFO] [KubeJS Server/]: itemRecipeBlacklist.js#47: immersive_weathering:iron_ingot_from_exposed_block_blasting
[02Feb2026 00:51:11.010] [main/INFO] [KubeJS Server/]: itemRecipeBlacklist.js#47: immersive_weathering:iron_ingot_from_rusted_block
[02Feb2026 00:51:11.010] [main/INFO] [KubeJS Server/]: itemRecipeBlacklist.js#47: immersive_weathering:iron_ingot_from_rusted_block_blasting
[02Feb2026 00:51:11.010] [main/INFO] [KubeJS Server/]: itemRecipeBlacklist.js#47: immersive_weathering:iron_ingot_from_weathered_block
[02Feb2026 00:51:11.010] [main/INFO] [KubeJS Server/]: itemRecipeBlacklist.js#47: immersive_weathering:iron_ingot_from_weathered_block_blasting
[02Feb2026 00:51:11.010] [main/INFO] [KubeJS Server/]: itemRecipeBlacklist.js#47: the_deep_void:refined_bismuth
[02Feb2026 00:51:11.011] [main/INFO] [KubeJS Server/]: itemRecipeBlacklist.js#47: create:splashing/gravel
[02Feb2026 00:51:11.011] [main/INFO] [KubeJS Server/]: itemRecipeBlacklist.js#47: create:splashing/red_sand
[02Feb2026 00:51:11.366] [main/INFO] [KubeJS Server/]: cursedwalkingrecipechanges.js#4: CW Recipe Tweaks has fired.
[02Feb2026 00:51:11.375] [main/INFO] [KubeJS Server/]: Posted recipe events in 366.7 ms
[02Feb2026 00:51:11.469] [KubeJS Recipe Event Worker 0/WARN] [KubeJS Server/]: Error parsing recipe minecraft:kjs/steriod_shot_enhanced[kubejs:shapeless]: {"type":"minecraft:crafting_shapeless","result":{"item":"kubejs:steriod_shot_enhanced","count":1},"ingredients":[{"item":"kubejs:steriod_shot"},{"item":"minecraft:nether_wart"},{"item":"minecraft:slime_ball"},{"item":"immersive_weathering:tallow"},[]]}: Item array cannot be empty, at least one item must be defined
[02Feb2026 00:51:11.479] [main/INFO] [KubeJS Server/]: Added 12 recipes, removed 16 recipes, modified 0 recipes, with 1 failed recipes in 101.0 ms
[02Feb2026 00:51:11.482] [main/INFO] [com.possible_triangle.sliceanddice.SliceAndDice/]: Injecting recipes
[02Feb2026 00:51:11.757] [main/INFO] [net.minecraft.advancements.AdvancementList/]: Loaded 7666 advancements
[02Feb2026 00:51:11.764] [main/INFO] [placebo/]: Registered 0 additional recipes.
[02Feb2026 00:51:11.778] [main/INFO] [top.theillusivec4.curios.Curios/]: Loaded 11 curio slots
[02Feb2026 00:51:11.792] [main/INFO] [top.theillusivec4.curios.Curios/]: Loaded 1 curio entities
[02Feb2026 00:51:11.899] [main/INFO] [hordes/]: Loaded entity minecraft:zombie as entity.minecraft.zombie with weight 35, min day 0 and max day 20
[02Feb2026 00:51:11.900] [main/INFO] [hordes/]: Loaded entity minecraft:zombie_villager as entity.minecraft.zombie_villager with weight 1, min day 0 and max day 20
[02Feb2026 00:51:11.900] [main/INFO] [hordes/]: Loaded entity minecraft:zombie_horse as entity.minecraft.zombie_horse with weight 3, min day 20 and max day 40
[02Feb2026 00:51:11.900] [main/INFO] [hordes/]: Loaded entity minecraft:husk as entity.minecraft.husk with weight 25, min day 50 and max day 0
[02Feb2026 00:51:11.901] [main/INFO] [hordes/]: loaded horde table hordes:default
[02Feb2026 00:51:11.902] [main/INFO] [hordes/]: Loaded entity minecraft:drowned as entity.minecraft.drowned with weight 40, min day 0 and max day 20
[02Feb2026 00:51:11.902] [main/INFO] [hordes/]: Loaded entity minecraft:drowned as entity.minecraft.drowned with weight 3, min day 30 and max day 40
[02Feb2026 00:51:11.903] [main/INFO] [hordes/]: loaded horde table hordes:drowned
[02Feb2026 00:51:11.903] [main/INFO] [hordes/]: Loaded entity minecraft:zombie as entity.minecraft.zombie with weight 20, min day 0 and max day 20
[02Feb2026 00:51:11.903] [main/INFO] [hordes/]: Loaded entity minecraft:skeleton as entity.minecraft.skeleton with weight 10, min day 20 and max day 30
[02Feb2026 00:51:11.904] [main/INFO] [hordes/]: Loaded entity minecraft:spider as entity.minecraft.spider with weight 15, min day 20 and max day 30
[02Feb2026 00:51:11.904] [main/INFO] [hordes/]: Loaded entity minecraft:creeper as entity.minecraft.creeper with weight 5, min day 30 and max day 30
[02Feb2026 00:51:11.905] [main/INFO] [hordes/]: Loaded entity minecraft:husk as entity.minecraft.husk with weight 20, min day 30 and max day 50
[02Feb2026 00:51:11.906] [main/INFO] [hordes/]: Loaded entity minecraft:stray as entity.minecraft.stray with weight 10, min day 40 and max day 50
[02Feb2026 00:51:11.906] [main/INFO] [hordes/]: Loaded entity minecraft:cave_spider as entity.minecraft.cave_spider with weight 10, min day 40 and max day 50
[02Feb2026 00:51:11.906] [main/INFO] [hordes/]: Loaded entity minecraft:witch as entity.minecraft.witch with weight 5, min day 40 and max day 50
[02Feb2026 00:51:11.906] [main/INFO] [hordes/]: Loaded entity minecraft:pillager as entity.minecraft.pillager with weight 10, min day 40 and max day 50
[02Feb2026 00:51:11.907] [main/INFO] [hordes/]: Loaded entity minecraft:zombified_piglin as entity.minecraft.zombified_piglin with weight 10, min day 40 and max day 50
[02Feb2026 00:51:11.907] [main/INFO] [hordes/]: Loaded entity minecraft:zombie_horse as entity.minecraft.zombie_horse with weight 3, min day 40 and max day 50
[02Feb2026 00:51:11.908] [main/INFO] [hordes/]: Loaded entity minecraft:wither_skeleton as entity.minecraft.wither_skeleton with weight 10, min day 50 and max day 0
[02Feb2026 00:51:11.908] [main/INFO] [hordes/]: Loaded entity minecraft:phantom as entity.minecraft.phantom with weight 5, min day 50 and max day 50
[02Feb2026 00:51:11.908] [main/INFO] [hordes/]: Loaded entity minecraft:vindicator as entity.minecraft.vindicator with weight 10, min day 50 and max day 50
[02Feb2026 00:51:11.909] [main/INFO] [hordes/]: Loaded entity minecraft:zoglin as entity.minecraft.zoglin with weight 5, min day 40 and max day 40
[02Feb2026 00:51:11.909] [main/INFO] [hordes/]: Loaded entity minecraft:ravager as entity.minecraft.ravager with weight 5, min day 50 and max day 50
[02Feb2026 00:51:11.909] [main/INFO] [hordes/]: Loaded entity minecraft:evoker as entity.minecraft.evoker with weight 5, min day 50 and max day 50
[02Feb2026 00:51:11.909] [main/INFO] [hordes/]: Loaded entity minecraft:piglin_brute as entity.minecraft.piglin_brute with weight 10, min day 60 and max day 0
[02Feb2026 00:51:11.909] [main/INFO] [hordes/]: Loaded entity minecraft:cave_spider as entity.minecraft.cave_spider with weight 15, min day 60 and max day 0
[02Feb2026 00:51:11.909] [main/INFO] [hordes/]: Loaded entity minecraft:zombie_horse as entity.minecraft.zombie_horse with weight 5, min day 60 and max day 0
[02Feb2026 00:51:11.909] [main/INFO] [hordes/]: Loaded entity minecraft:ravager as entity.minecraft.ravager with weight 3, min day 60 and max day 0
[02Feb2026 00:51:11.910] [main/INFO] [hordes/]: Loaded entity minecraft:phantom as entity.minecraft.phantom with weight 3, min day 60 and max day 0
[02Feb2026 00:51:11.910] [main/INFO] [hordes/]: loaded horde table hordes:mixed_mobs
[02Feb2026 00:51:11.910] [main/INFO] [hordes/]: Loaded entity minecraft:pillager as entity.minecraft.pillager with weight 15, min day 0 and max day 0
[02Feb2026 00:51:11.910] [main/INFO] [hordes/]: Loaded entity minecraft:vindicator as entity.minecraft.vindicator with weight 10, min day 0 and max day 0
[02Feb2026 00:51:11.910] [main/INFO] [hordes/]: Loaded entity minecraft:witch as entity.minecraft.witch with weight 5, min day 20 and max day 0
[02Feb2026 00:51:11.910] [main/INFO] [hordes/]: Loaded entity minecraft:ravager as entity.minecraft.ravager with weight 5, min day 30 and max day 40
[02Feb2026 00:51:11.910] [main/INFO] [hordes/]: Loaded entity minecraft:evoker as entity.minecraft.evoker with weight 3, min day 40 and max day 40
[02Feb2026 00:51:11.910] [main/INFO] [hordes/]: Loaded entity minecraft:illusioner as entity.minecraft.illusioner with weight 5, min day 50 and max day 0
[02Feb2026 00:51:11.911] [main/INFO] [hordes/]: Loaded entity minecraft:ravager as entity.minecraft.ravager with weight 3, min day 50 and max day 0
[02Feb2026 00:51:11.911] [main/INFO] [hordes/]: Loaded entity minecraft:ravager as entity.minecraft.ravager with weight 5, min day 50 and max day 0
[02Feb2026 00:51:11.911] [main/INFO] [hordes/]: loaded horde table hordes:illagers
[02Feb2026 00:51:11.911] [main/INFO] [hordes/]: Loaded entity minecraft:skeleton as entity.minecraft.skeleton with weight 10, min day 0 and max day 20
[02Feb2026 00:51:11.911] [main/INFO] [hordes/]: Loaded entity minecraft:skeleton as entity.minecraft.skeleton with weight 20, min day 0 and max day 30
[02Feb2026 00:51:11.911] [main/INFO] [hordes/]: Loaded entity minecraft:skeleton_horse as entity.minecraft.skeleton_horse with weight 5, min day 20 and max day 50
[02Feb2026 00:51:11.911] [main/INFO] [hordes/]: Loaded entity minecraft:stray as entity.minecraft.stray with weight 10, min day 20 and max day 0
[02Feb2026 00:51:11.912] [main/INFO] [hordes/]: Loaded entity minecraft:wither_skeleton as entity.minecraft.wither_skeleton with weight 10, min day 40 and max day 0
[02Feb2026 00:51:11.912] [main/INFO] [hordes/]: Loaded entity minecraft:skeleton_horse as entity.minecraft.skeleton_horse with weight 5, min day 40 and max day 0
[02Feb2026 00:51:11.912] [main/INFO] [hordes/]: loaded horde table hordes:skeletons
[02Feb2026 00:51:11.912] [main/INFO] [hordes/]: Loaded entity minecraft:zombie as entity.minecraft.zombie with weight 30, min day 0 and max day 0
[02Feb2026 00:51:11.912] [main/INFO] [hordes/]: loaded horde table hordes:fallback
[02Feb2026 00:51:11.918] [main/INFO] [hordes/]: loaded horde script hordes:default
[02Feb2026 00:51:11.918] [main/INFO] [hordes/]: Loading conversion tables
[02Feb2026 00:51:11.919] [main/INFO] [hordes/]: Loading conversion table hordes:infection_conversions
[02Feb2026 00:51:11.921] [main/INFO] [hordes/]: Loaded conversion entity.minecraft.horse to entity.minecraft.zombie_horse with chance of 0.65
[02Feb2026 00:51:11.921] [main/INFO] [hordes/]: Loaded conversion entity.minecraft.piglin to entity.minecraft.zombified_piglin with chance of 0.75
[02Feb2026 00:51:11.923] [main/INFO] [hordes/]: Loaded conversion entity.minecraft.piglin_brute to entity.minecraft.zombified_piglin{Attributes:[{Base:50.0f,Name:"generic.max_health"}],chat_name:"entity.hordes.ZombifiedPiglinBrute.name",texture:"hordes:textures/entity/zombified_piglin_brute.png"} with chance of 0.35
[02Feb2026 00:51:11.923] [main/INFO] [hordes/]: Loaded conversion entity.minecraft.hoglin to entity.minecraft.zoglin with chance of 0.15
[02Feb2026 00:51:11.923] [main/INFO] [hordes/]: Loaded conversion entity.minecraft.wandering_trader to entity.minecraft.zombie_villager{VillagerData:{type:"none"},chat_name:"entity.hordes.ZombieWanderingTrader.name",texture:"hordes:textures/entity/zombie_wandering_trader.png"} with chance of 0.75
[02Feb2026 00:51:11.923] [main/INFO] [hordes/]: Loaded conversion entity.minecraft.pillager to entity.minecraft.zombie_villager{Attributes:[{Base:24.0f,Name:"generic.max_health"}],VillagerData:{type:"none"},chat_name:"entity.hordes.ZombiePillager.name",texture:"hordes:textures/entity/zombie_pillager.png"} with chance of 0.75
[02Feb2026 00:51:11.924] [main/INFO] [hordes/]: Loaded conversion entity.minecraft.vindicator to entity.minecraft.zombie_villager{Attributes:[{Base:24.0f,Name:"generic.max_health"}],VillagerData:{type:"none"},chat_name:"entity.hordes.ZombieVindicator.name",texture:"hordes:textures/entity/zombie_vindicator.png"} with chance of 0.35
[02Feb2026 00:51:11.924] [main/INFO] [hordes/]: Loaded conversion entity.minecraft.evoker to entity.minecraft.zombie_villager{Attributes:[{Base:24.0f,Name:"generic.max_health"}],VillagerData:{type:"none"},chat_name:"entity.hordes.ZombieEvoker.name",texture:"hordes:textures/entity/zombie_evoker.png"} with chance of 0.5
[02Feb2026 00:51:11.926] [main/INFO] [hordes/]: Loaded conversion entity.minecraft.illusioner to entity.minecraft.zombie_villager{Attributes:[{Base:32.0f,Name:"generic.max_health"}],VillagerData:{type:"none"},chat_name:"entity.hordes.ZombieIllusioner.name",texture:"hordes:textures/entity/zombie_illusioner.png"} with chance of 0.15
[02Feb2026 00:51:11.927] [main/INFO] [hordes/]: Loaded conversion entity.minecraft.witch to entity.minecraft.zombie_villager{Attributes:[{Base:26.0f,Name:"generic.max_health"}],VillagerData:{type:"none"},chat_name:"entity.hordes.ZombieWitch.name",texture:"hordes:textures/entity/zombie_witch.png"} with chance of 0.25
[02Feb2026 00:51:11.927] [main/INFO] [hordes/]: Loading immunity item list
[02Feb2026 00:51:11.928] [main/INFO] [hordes/]: Loading immunity item list hordes:immunity_items
[02Feb2026 00:51:11.929] [main/INFO] [hordes/]: Loaded immunity item cure:vaccine with duration 350
[02Feb2026 00:51:11.930] [main/INFO] [hordes/]: Loading wearables protection list
[02Feb2026 00:51:11.930] [main/INFO] [hordes/]: Loading wearables protection list hordes:immune_wearables
[02Feb2026 00:51:11.932] [main/INFO] [placebo/]: Registered 0 gear_sets.
[02Feb2026 00:51:11.933] [main/INFO] [insane96mcp.insanelib.InsaneLib/]: Reloading InsaneLib JsonFeature Json
[02Feb2026 00:51:11.952] [main/WARN] [net.minecraftforge.registries.NamespacedWrapper/]: Not all defined tags for registry ResourceKey[minecraft:root / minecraft:block] are present in data pack: minecraft:bone_block, 
	minecraft:deepslate, 
	the_deep_void:rotten_wood
[02Feb2026 00:51:20.127] [main/INFO] [com.ordana.immersive_weathering.ImmersiveWeathering/]: Loaded 78 block growths configurations
[02Feb2026 00:51:20.133] [main/INFO] [com.ordana.immersive_weathering.ImmersiveWeathering/]: Loaded 14 liquid generators configurations
[02Feb2026 00:51:20.320] [Server thread/INFO] [net.minecraft.server.dedicated.DedicatedServer/]: Starting minecraft server version 1.20.1
[02Feb2026 00:51:20.320] [Server thread/INFO] [net.minecraft.server.dedicated.DedicatedServer/]: Loading properties
[02Feb2026 00:51:20.320] [Server thread/INFO] [net.minecraft.server.dedicated.DedicatedServer/]: Default game type: SURVIVAL
[02Feb2026 00:51:20.320] [Server thread/INFO] [net.minecraft.server.MinecraftServer/]: Generating keypair
[02Feb2026 00:51:20.414] [Server thread/INFO] [net.minecraft.server.dedicated.DedicatedServer/]: Starting Minecraft server on *:25565
[02Feb2026 00:51:20.446] [Server thread/INFO] [net.minecraft.server.network.ServerConnectionListener/]: Using epoll channel type
[02Feb2026 00:51:20.535] [Server thread/WARN] [net.minecraft.server.dedicated.DedicatedServer/]: **** SERVER IS RUNNING IN OFFLINE/INSECURE MODE!
[02Feb2026 00:51:20.535] [Server thread/WARN] [net.minecraft.server.dedicated.DedicatedServer/]: The server will make no attempt to authenticate usernames. Beware.
[02Feb2026 00:51:20.535] [Server thread/WARN] [net.minecraft.server.dedicated.DedicatedServer/]: While this makes the game possible to play without internet access, it also opens up the ability for hackers to connect with any username they choose.
[02Feb2026 00:51:20.535] [Server thread/WARN] [net.minecraft.server.dedicated.DedicatedServer/]: To change this, set "online-mode" to "true" in the server.properties file.
[02Feb2026 00:51:20.560] [Server thread/INFO] [Puzzles Lib/]: Loading server config for mutantmonsters
[02Feb2026 00:51:20.561] [Thread-4/INFO] [Puzzles Lib/]: Reloading server config for mutantmonsters
[02Feb2026 00:51:20.562] [Thread-4/INFO] [Puzzles Lib/]: Reloading server config for mutantmonsters
[02Feb2026 00:51:20.751] [Server thread/INFO] [FTB Teams/]: loaded team data: 4 known players, 5 teams total
[02Feb2026 00:51:20.758] [Server thread/ERROR] [mixin/]: Injection error: LVT in net/minecraft/world/entity/npc/VillagerTrades$EmeraldsForVillagerTypeItem::m_213663_(Lnet/minecraft/world/entity/Entity;Lnet/minecraft/util/RandomSource;)Lnet/minecraft/world/item/trading/MerchantOffer; has incompatible changes at opcode 34 in callback fabric-object-builder-v1.mixins.json:TradeOffersTypeAwareBuyForOneEmeraldFactoryMixin->@Inject::failOnNullItem(Lnet/minecraft/world/entity/Entity;Lnet/minecraft/util/RandomSource;Lorg/spongepowered/asm/mixin/injection/callback/CallbackInfoReturnable;Lnet/minecraft/world/item/ItemStack;)V.
 Expected: [Lnet/minecraft/world/item/ItemStack;]
    Found: [Lnet/minecraft/world/item/Item;]
Available: [Lnet/minecraft/world/item/Item;, Lnet/minecraft/world/item/ItemStack;]
[02Feb2026 00:51:20.782] [Server thread/INFO] [Framework/]: Loading server configs...
[02Feb2026 00:51:20.817] [Server thread/INFO] [net.minecraft.server.dedicated.DedicatedServer/]: Preparing level "world"
[02Feb2026 00:51:20.925] [Server thread/WARN] [mixin/]: @Redirect conflict. Skipping securitycraft.mixins.json:camera.ChunkMapMixin->@Redirect::securitycraft$getCameraSectionPos(Lnet/minecraft/server/level/ServerPlayer;)Lnet/minecraft/core/SectionPos; with priority 1100, already redirected by railways-common.mixins.json:conductor_possession.ChunkMapMixin->@Redirect::securitycraft$getCameraSectionPos(Lnet/minecraft/server/level/ServerPlayer;)Lnet/minecraft/core/SectionPos; with priority 1200
[02Feb2026 00:51:21.378] [Server thread/INFO] [incontrol/]: Reading rules from areas.json
[02Feb2026 00:51:21.392] [Server thread/INFO] [incontrol/]: Reading rules from spawn.json
[02Feb2026 00:51:21.486] [Server thread/INFO] [incontrol/]: Reading rules from summonaid.json
[02Feb2026 00:51:21.491] [Server thread/INFO] [incontrol/]: Reading rules from loot.json
[02Feb2026 00:51:21.499] [Server thread/INFO] [incontrol/]: Reading rules from experience.json
[02Feb2026 00:51:21.502] [Server thread/INFO] [incontrol/]: Reading rules from phases.json
[02Feb2026 00:51:21.510] [Server thread/INFO] [incontrol/]: Reading rules from effects.json
[02Feb2026 00:51:21.512] [Server thread/INFO] [incontrol/]: Reading rules from breakevents.json
[02Feb2026 00:51:21.516] [Server thread/INFO] [incontrol/]: Reading rules from placeevents.json
[02Feb2026 00:51:21.519] [Server thread/INFO] [incontrol/]: Reading rules from rightclicks.json
[02Feb2026 00:51:21.522] [Server thread/INFO] [incontrol/]: Reading rules from leftclicks.json
[02Feb2026 00:51:21.534] [Server thread/INFO] [incontrol/]: Reading rules from spawner.json
[02Feb2026 00:51:21.554] [Server thread/INFO] [incontrol/]: Reading rules from events.json
[02Feb2026 00:51:26.657] [Server thread/INFO] [net.minecraft.server.MinecraftServer/]: Preparing start region for dimension minecraft:overworld
[02Feb2026 00:51:26.660] [Server thread/INFO] [KubeJS Server/]: Server resource reload complete!
[02Feb2026 00:51:31.624] [Worker-Main-4/INFO] [net.minecraft.server.level.progress.LoggerChunkProgressListener/]: Preparing spawn area: 0%
[02Feb2026 00:51:31.625] [Worker-Main-2/INFO] [net.minecraft.server.level.progress.LoggerChunkProgressListener/]: Preparing spawn area: 0%
[02Feb2026 00:51:31.627] [Worker-Main-3/INFO] [net.minecraft.server.level.progress.LoggerChunkProgressListener/]: Preparing spawn area: 0%
[02Feb2026 00:51:31.628] [Worker-Main-4/INFO] [net.minecraft.server.level.progress.LoggerChunkProgressListener/]: Preparing spawn area: 0%
[02Feb2026 00:51:31.629] [Worker-Main-4/INFO] [net.minecraft.server.level.progress.LoggerChunkProgressListener/]: Preparing spawn area: 0%
[02Feb2026 00:51:31.631] [Worker-Main-2/INFO] [net.minecraft.server.level.progress.LoggerChunkProgressListener/]: Preparing spawn area: 0%
[02Feb2026 00:51:31.633] [Worker-Main-4/INFO] [net.minecraft.server.level.progress.LoggerChunkProgressListener/]: Preparing spawn area: 0%
[02Feb2026 00:51:31.635] [Worker-Main-4/INFO] [net.minecraft.server.level.progress.LoggerChunkProgressListener/]: Preparing spawn area: 0%
[02Feb2026 00:51:31.636] [Worker-Main-4/INFO] [net.minecraft.server.level.progress.LoggerChunkProgressListener/]: Preparing spawn area: 0%
[02Feb2026 00:51:31.637] [Worker-Main-4/INFO] [net.minecraft.server.level.progress.LoggerChunkProgressListener/]: Preparing spawn area: 0%
[02Feb2026 00:51:31.658] [Worker-Main-4/INFO] [net.minecraft.server.level.progress.LoggerChunkProgressListener/]: Preparing spawn area: 0%
[02Feb2026 00:51:32.159] [Worker-Main-3/INFO] [net.minecraft.server.level.progress.LoggerChunkProgressListener/]: Preparing spawn area: 15%
[02Feb2026 00:51:32.772] [Worker-Main-2/INFO] [net.minecraft.server.level.progress.LoggerChunkProgressListener/]: Preparing spawn area: 72%
[02Feb2026 00:51:32.945] [Server thread/INFO] [net.minecraft.server.level.progress.LoggerChunkProgressListener/]: Time elapsed: 6287 ms
[02Feb2026 00:51:32.945] [Server thread/INFO] [net.minecraft.server.dedicated.DedicatedServer/]: Done (12.395s)! For help, type "help"
[02Feb2026 00:51:33.015] [Server thread/INFO] [net.minecraftforge.server.permission.PermissionAPI/]: Successfully initialized permission handler forge:default_handler
[02Feb2026 00:51:33.020] [Server thread/INFO] [com.technicboyman.nobz.nobabyzombies1_20_1forge.Nobabyzombies1_20_1forge/]: HELLO from server starting
[02Feb2026 00:51:33.034] [Server thread/INFO] [com.cupboard.Cupboard/]: Loaded config for: forgivingworld.json
[02Feb2026 00:51:33.037] [Server thread/WARN] [voicechat/]: [voicechat] Running in offline mode - Voice chat encryption is not secure!
[02Feb2026 00:51:33.049] [VoiceChatServerThread/INFO] [voicechat/]: [voicechat] Voice chat server started at port 24454
[02Feb2026 00:51:33.143] [Server thread/INFO] [patchouli/]: Sending reload packet to clients
[02Feb2026 00:52:00.500] [Server thread/WARN] [net.minecraft.network.syncher.SynchedEntityData/]: defineId called for: class net.minecraft.world.entity.player.Player from class tschipp.carryon.common.carry.CarryOnDataManager
[02Feb2026 00:52:00.732] [Server thread/INFO] [net.minecraft.server.players.PlayerList/]: CapDSGS[/100.126.21.26:50180] logged in with entity id 64 at (-313.88702663935965, 64.0, -307.6435633484591)
[02Feb2026 00:52:00.936] [Server thread/INFO] [net.minecraft.server.MinecraftServer/]: CapDSGS joined the game
[02Feb2026 00:52:01.038] [Server thread/INFO] [dev.corgitaco.enhancedcelestials.EnhancedCelestials/]: Possible lunar events for dimension "minecraft:overworld" are [enhancedcelestials:harvest_moon, enhancedcelestials:super_moon, enhancedcelestials:blood_moon, enhancedcelestials:super_blood_moon, enhancedcelestials:blue_moon, enhancedcelestials:super_harvest_moon, enhancedcelestials:super_blue_moon].
[02Feb2026 00:52:01.206] [Server thread/INFO] [fallingtrees | Config/]: Sending common config 'fallingtrees:fallingtrees_common' to CapDSGS
[02Feb2026 00:52:02.616] [Netty Epoll Server IO #2/INFO] [fallingtrees | Config/]: Received client config 'fallingtrees:fallingtrees_client' from CapDSGS
[02Feb2026 00:52:03.037] [Server thread/INFO] [voicechat/]: [voicechat] Received secret request of CapDSGS (18)
[02Feb2026 00:52:03.041] [Server thread/INFO] [voicechat/]: [voicechat] Sent secret to CapDSGS
[02Feb2026 00:52:03.044] [Server thread/WARN] [net.minecraft.server.MinecraftServer/]: Can't keep up! Is the server overloaded? Running 2446ms or 48 ticks behind
[02Feb2026 00:52:31.133] [VoiceChatPacketProcessingThread/INFO] [voicechat/]: [voicechat] Successfully authenticated player c60e6308-f38c-330f-8923-091ac315bfe0
[02Feb2026 00:52:32.144] [VoiceChatPacketProcessingThread/INFO] [voicechat/]: [voicechat] Successfully validated connection of player c60e6308-f38c-330f-8923-091ac315bfe0
[02Feb2026 00:52:32.148] [VoiceChatPacketProcessingThread/INFO] [voicechat/]: [voicechat] Player CapDSGS (c60e6308-f38c-330f-8923-091ac315bfe0) successfully connected to voice chat
[02Feb2026 00:53:34.005] [Server thread/WARN] [net.minecraft.server.level.ServerEntity/]: Fetching packet for removed entity ItemEntity['Phantom Membrane'/2353, l='ServerLevel[world]', x=-314.26, y=74.00, z=-275.50, removed=DISCARDED]
[02Feb2026 00:58:32.303] [Server thread/INFO] [net.minecraft.server.players.PlayerList/]: r4six_vzl[/100.66.237.42:49683] logged in with entity id 9828 at (-314.36060016506025, 77.5, -313.7870295959891)
[02Feb2026 00:58:32.332] [Server thread/INFO] [net.minecraft.server.MinecraftServer/]: r4six_vzl joined the game
[02Feb2026 00:58:32.468] [Server thread/WARN] [net.minecraft.server.level.ServerEntity/]: Fetching packet for removed entity ItemEntity['Phantom Membrane'/2353, l='ServerLevel[world]', x=-314.26, y=74.00, z=-275.50, removed=DISCARDED]
[02Feb2026 00:58:32.531] [Server thread/INFO] [fallingtrees | Config/]: Sending common config 'fallingtrees:fallingtrees_common' to r4six_vzl
[02Feb2026 00:58:33.582] [Netty Epoll Server IO #7/INFO] [fallingtrees | Config/]: Received client config 'fallingtrees:fallingtrees_client' from r4six_vzl
[02Feb2026 00:58:33.638] [Server thread/INFO] [voicechat/]: [voicechat] Received secret request of r4six_vzl (18)
[02Feb2026 00:58:33.639] [Server thread/INFO] [voicechat/]: [voicechat] Sent secret to r4six_vzl
[02Feb2026 00:58:44.713] [VoiceChatPacketProcessingThread/INFO] [voicechat/]: [voicechat] Successfully authenticated player e5ffcdb3-23b9-369c-9795-39736f654a63
[02Feb2026 00:58:45.717] [VoiceChatPacketProcessingThread/INFO] [voicechat/]: [voicechat] Successfully validated connection of player e5ffcdb3-23b9-369c-9795-39736f654a63
[02Feb2026 00:58:45.718] [VoiceChatPacketProcessingThread/INFO] [voicechat/]: [voicechat] Player r4six_vzl (e5ffcdb3-23b9-369c-9795-39736f654a63) successfully connected to voice chat
[02Feb2026 00:59:58.871] [Server thread/INFO] [net.minecraft.server.MinecraftServer/]: [Not Secure] <CapDSGS> xaero-waypoint:Cueva inmensa:C:3180:2:-2056:7:false:0:Internal-overworld-waypoints
[02Feb2026 01:00:02.634] [Server thread/INFO] [net.minecraft.server.MinecraftServer/]: [CapDSGS: Teleported CapDSGS to -215.500000, -50.500000, -238.500000]
[02Feb2026 01:00:06.371] [Server thread/INFO] [net.minecraft.server.MinecraftServer/]: [CapDSGS: Teleported CapDSGS to -319.500000, 80.500000, -302.500000]
[02Feb2026 01:00:06.403] [Server thread/WARN] [net.minecraft.server.level.ServerEntity/]: Fetching packet for removed entity ItemEntity['Phantom Membrane'/2353, l='ServerLevel[world]', x=-314.26, y=74.00, z=-275.50, removed=DISCARDED]
[02Feb2026 01:00:09.866] [Server thread/INFO] [net.minecraft.server.MinecraftServer/]: [Not Secure] <CapDSGS> xaero-waypoint:Muchaaa lava er diablo:M:-216:-51:-239:12:false:0:Internal-overworld-waypoints
[02Feb2026 01:00:12.678] [Server thread/INFO] [net.minecraft.server.MinecraftServer/]: [Not Secure] <CapDSGS> xaero-waypoint:Lava:L:-311:-53:-247:14:false:0:Internal-overworld-waypoints
[02Feb2026 01:00:15.929] [Server thread/INFO] [net.minecraft.server.MinecraftServer/]: [Not Secure] <CapDSGS> xaero-waypoint:Chuzo:C:-320:80:-303:6:false:0:Internal-overworld-waypoints
[02Feb2026 01:05:39.798] [Server thread/INFO] [fastsuite/]: Constructed recipe list for minecraft:crafting in 3.867 ms. 4924/4965 recipes are parallelized.
[02Feb2026 01:07:40.676] [Server thread/INFO] [net.minecraft.server.MinecraftServer/]: [r4six_vzl: Teleported r4six_vzl to -319.500000, 80.500000, -302.500000]
[02Feb2026 01:13:30.542] [Server thread/INFO] [net.minecraft.server.MinecraftServer/]: [r4six_vzl: Teleported r4six_vzl to -319.500000, 80.500000, -302.500000]
[02Feb2026 01:13:50.906] [Server thread/WARN] [net.minecraft.server.level.ServerEntity/]: Fetching packet for removed entity ItemEntity['Ender Pearl'/50299, l='ServerLevel[world]', x=-324.89, y=70.00, z=-318.50, removed=DISCARDED]
[02Feb2026 01:13:50.906] [Server thread/WARN] [net.minecraft.server.level.ServerEntity/]: Fetching packet for removed entity ItemEntity['Ender Pearl'/50299, l='ServerLevel[world]', x=-324.89, y=70.00, z=-318.50, removed=DISCARDED]
[02Feb2026 01:22:41.990] [Server thread/INFO] [net.minecraft.server.players.PlayerList/]: NamelessB[/100.120.211.49:54249] logged in with entity id 74042 at (1734.6284216769775, -42.0, -72.46887752165667)
[02Feb2026 01:22:42.007] [Server thread/INFO] [net.minecraft.server.MinecraftServer/]: NamelessB joined the game
[02Feb2026 01:22:42.033] [Server thread/INFO] [fallingtrees | Config/]: Sending common config 'fallingtrees:fallingtrees_common' to NamelessB
[02Feb2026 01:22:43.579] [Netty Epoll Server IO #3/INFO] [fallingtrees | Config/]: Received client config 'fallingtrees:fallingtrees_client' from NamelessB
[02Feb2026 01:22:43.670] [Server thread/INFO] [voicechat/]: [voicechat] Received secret request of NamelessB (18)
[02Feb2026 01:22:43.670] [Server thread/INFO] [voicechat/]: [voicechat] Sent secret to NamelessB
[02Feb2026 01:22:57.844] [VoiceChatPacketProcessingThread/INFO] [voicechat/]: [voicechat] Successfully authenticated player 0b4e11e8-a9e5-352f-9c31-02a3159e78c2
[02Feb2026 01:22:58.845] [VoiceChatPacketProcessingThread/INFO] [voicechat/]: [voicechat] Successfully validated connection of player 0b4e11e8-a9e5-352f-9c31-02a3159e78c2
[02Feb2026 01:22:58.845] [VoiceChatPacketProcessingThread/INFO] [voicechat/]: [voicechat] Player NamelessB (0b4e11e8-a9e5-352f-9c31-02a3159e78c2) successfully connected to voice chat
[02Feb2026 01:23:09.951] [Server thread/WARN] [net.minecraft.world.level.entity.PersistentEntitySectionManager/]: UUID of added entity already exists: FallingBlockEntity['Falling Hanging Coconut'/76255, l='ServerLevel[world]', x=1750.50, y=74.00, z=-99.50]
[02Feb2026 01:23:10.917] [Server thread/WARN] [net.minecraft.server.level.ServerEntity/]: Fetching packet for removed entity ItemEntity['Coconut Slice'/76321, l='ServerLevel[world]', x=1750.55, y=67.23, z=-99.50, removed=DISCARDED]
[02Feb2026 01:23:19.973] [Server thread/INFO] [net.minecraft.server.MinecraftServer/]: [Not Secure] <r4six_vzl> xaero-waypoint:Chuzo:C:-320:80:-303:6:false:0:Internal-overworld-waypoints
[02Feb2026 01:24:02.827] [Server thread/INFO] [net.minecraft.server.MinecraftServer/]: [r4six_vzl: Teleported r4six_vzl to NamelessB]
[02Feb2026 01:24:02.853] [Server thread/WARN] [net.minecraft.server.level.ServerEntity/]: Fetching packet for removed entity ItemEntity['Coconut Slice'/76321, l='ServerLevel[world]', x=1750.55, y=67.23, z=-99.50, removed=DISCARDED]
[02Feb2026 01:24:19.405] [Server thread/WARN] [net.minecraft.world.level.entity.PersistentEntitySectionManager/]: UUID of added entity already exists: FallingBlockEntity['Falling Hanging Coconut'/81150, l='ServerLevel[world]', x=1667.50, y=79.00, z=-124.50]
[02Feb2026 01:24:42.822] [Server thread/WARN] [net.minecraft.world.level.entity.PersistentEntitySectionManager/]: UUID of added entity already exists: FallingBlockEntity['Falling Hanging Coconut'/82754, l='ServerLevel[world]', x=1752.50, y=73.00, z=60.50]
[02Feb2026 01:24:43.889] [Server thread/INFO] [net.minecraft.server.MinecraftServer/]: [r4six_vzl: Teleported r4six_vzl to -319.500000, 80.500000, -302.500000]
[02Feb2026 01:24:43.905] [Server thread/WARN] [net.minecraft.server.level.ServerEntity/]: Fetching packet for removed entity ItemEntity['Phantom Membrane'/2353, l='ServerLevel[world]', x=-314.26, y=74.00, z=-275.50, removed=DISCARDED]
[02Feb2026 01:24:43.905] [Server thread/WARN] [net.minecraft.server.level.ServerEntity/]: Fetching packet for removed entity ItemEntity['Ender Pearl'/50299, l='ServerLevel[world]', x=-324.89, y=70.00, z=-318.50, removed=DISCARDED]
[02Feb2026 01:24:52.675] [Server thread/INFO] [net.minecraft.server.MinecraftServer/]: [r4six_vzl: Teleported NamelessB to r4six_vzl]
[02Feb2026 01:24:52.703] [Server thread/WARN] [net.minecraft.server.level.ServerEntity/]: Fetching packet for removed entity ItemEntity['Phantom Membrane'/2353, l='ServerLevel[world]', x=-314.26, y=74.00, z=-275.50, removed=DISCARDED]
[02Feb2026 01:24:52.703] [Server thread/WARN] [net.minecraft.server.level.ServerEntity/]: Fetching packet for removed entity ItemEntity['Ender Pearl'/50299, l='ServerLevel[world]', x=-324.89, y=70.00, z=-318.50, removed=DISCARDED]
[02Feb2026 01:29:03.911] [Server thread/INFO] [net.minecraft.server.MinecraftServer/]: [r4six_vzl: Teleported r4six_vzl to -319.500000, 80.500000, -302.500000]
[02Feb2026 01:29:12.773] [Server thread/WARN] [net.minecraft.server.MinecraftServer/]: Can't keep up! Is the server overloaded? Running 8825ms or 176 ticks behind
[02Feb2026 01:35:09.909] [Server thread/INFO] [net.minecraft.server.MinecraftServer/]: NamelessB has made the advancement [Cover Me with Diamonds]
[02Feb2026 01:38:41.762] [Server thread/INFO] [net.minecraft.server.MinecraftServer/]: CapDSGS was shot by r4six_vzl
[02Feb2026 01:38:43.968] [Server thread/WARN] [dev.gigaherz.toolbelt.slot.BeltExtensionSlot/]: New entity has data, contents assigned.
[02Feb2026 01:38:44.009] [Server thread/WARN] [net.minecraft.server.level.ServerEntity/]: Fetching packet for removed entity ItemEntity['Ender Pearl'/50299, l='ServerLevel[world]', x=-324.89, y=70.00, z=-318.50, removed=DISCARDED]
[02Feb2026 01:38:44.014] [Server thread/WARN] [net.minecraft.server.level.ServerEntity/]: Fetching packet for removed entity ItemEntity['Phantom Membrane'/2353, l='ServerLevel[world]', x=-314.26, y=74.00, z=-275.50, removed=DISCARDED]
[02Feb2026 01:41:58.776] [Server thread/INFO] [net.minecraft.server.MinecraftServer/]: [CapDSGS: Teleported NamelessB to CapDSGS]
[02Feb2026 01:42:10.983] [Server thread/INFO] [net.minecraft.server.MinecraftServer/]: [CapDSGS: Teleported CapDSGS to NamelessB]
[02Feb2026 01:42:38.476] [Server thread/WARN] [net.minecraft.server.MinecraftServer/]: Can't keep up! Is the server overloaded? Running 27477ms or 549 ticks behind
[02Feb2026 01:42:38.530] [Server thread/WARN] [net.minecraft.server.network.ServerGamePacketListenerImpl/]: CapDSGS moved too quickly! 6.463315601895317,0.0,-7.708815856662397
[02Feb2026 01:42:42.906] [Server thread/INFO] [net.minecraft.server.MinecraftServer/]: [CapDSGS: Teleported NamelessB to CapDSGS]
[02Feb2026 01:48:11.297] [Server thread/INFO] [net.minecraft.server.MinecraftServer/]: [r4six_vzl: Teleported r4six_vzl to 3180.500000, 2.500000, -2055.500000]
[02Feb2026 01:50:12.118] [Server thread/INFO] [net.minecraft.server.MinecraftServer/]: [CapDSGS: Teleported CapDSGS to r4six_vzl]
[02Feb2026 01:50:22.182] [Server thread/INFO] [net.minecraft.server.MinecraftServer/]: [CapDSGS: Teleported NamelessB to CapDSGS]
[02Feb2026 01:50:29.592] [Server thread/INFO] [net.minecraft.server.MinecraftServer/]: r4six_vzl has made the advancement [Hunt and Gather]
[02Feb2026 01:50:49.026] [Server thread/INFO] [net.minecraft.server.MinecraftServer/]: NamelessB has made the advancement [Barrel Booty]
[02Feb2026 01:52:09.610] [Server thread/INFO] [net.minecraft.server.MinecraftServer/]: [CapDSGS: Teleported r4six_vzl to CapDSGS]
[02Feb2026 01:53:44.003] [Server thread/WARN] [net.minecraft.world.level.entity.PersistentEntitySectionManager/]: UUID of added entity already exists: FallingBlockEntity['Falling Hanging Coconut'/212823, l='ServerLevel[world]', x=3034.50, y=75.00, z=-1932.50]
[02Feb2026 01:53:49.399] [Server thread/INFO] [net.minecraft.server.MinecraftServer/]: [CapDSGS: Teleported CapDSGS to NamelessB]
[02Feb2026 01:55:08.112] [Server thread/INFO] [net.minecraft.server.MinecraftServer/]: r4six_vzl has completed the challenge [Perpetuate the Cycle?]
[02Feb2026 01:55:11.851] [Server thread/WARN] [net.minecraft.world.level.entity.PersistentEntitySectionManager/]: UUID of added entity already exists: FallingBlockEntity['Falling Hanging Coconut'/220050, l='ServerLevel[world]', x=3034.50, y=75.00, z=-1933.50]
[02Feb2026 01:55:16.710] [Server thread/INFO] [net.minecraft.server.MinecraftServer/]: NamelessB has completed the challenge [Perpetuate the Cycle?]
[02Feb2026 01:55:23.980] [Server thread/WARN] [net.minecraft.server.level.ServerEntity/]: Fetching packet for removed entity ItemEntity['Phantom Membrane'/2353, l='ServerLevel[world]', x=-314.26, y=74.00, z=-275.50, removed=DISCARDED]
[02Feb2026 01:55:23.985] [Server thread/INFO] [net.minecraft.server.MinecraftServer/]: [CapDSGS: Teleported CapDSGS to -319.500000, 80.500000, -302.500000]
[02Feb2026 01:55:24.192] [Server thread/WARN] [net.minecraft.server.level.ServerEntity/]: Fetching packet for removed entity ItemEntity['Phantom Membrane'/2353, l='ServerLevel[world]', x=-314.26, y=74.00, z=-275.50, removed=DISCARDED]
[02Feb2026 01:55:24.194] [Server thread/WARN] [net.minecraft.server.level.ServerEntity/]: Fetching packet for removed entity ItemEntity['Ender Pearl'/50299, l='ServerLevel[world]', x=-324.89, y=70.00, z=-318.50, removed=DISCARDED]
[02Feb2026 01:55:26.594] [Server thread/INFO] [net.minecraft.server.network.ServerGamePacketListenerImpl/]: CapDSGS lost connection: Disconnected
[02Feb2026 01:55:26.595] [Server thread/INFO] [net.minecraft.server.MinecraftServer/]: CapDSGS left the game
[02Feb2026 01:55:26.602] [Server thread/INFO] [voicechat/]: [voicechat] Disconnecting client CapDSGS
[02Feb2026 01:55:30.678] [Server thread/INFO] [net.minecraft.server.MinecraftServer/]: NamelessB has made the advancement [Penteconter]
[02Feb2026 01:56:29.394] [Server thread/INFO] [net.minecraft.server.MinecraftServer/]: [r4six_vzl: Teleported r4six_vzl to 3180.500000, 2.500000, -2055.500000]
[02Feb2026 01:56:34.482] [Server thread/INFO] [net.minecraft.server.MinecraftServer/]: [r4six_vzl: Teleported NamelessB to r4six_vzl]
[02Feb2026 01:58:12.800] [Server thread/WARN] [net.minecraft.world.level.entity.PersistentEntitySectionManager/]: UUID of added entity already exists: FallingBlockEntity['Falling Hanging Coconut'/229416, l='ServerLevel[world]', x=3036.50, y=75.00, z=-1931.50]
[02Feb2026 01:58:15.701] [Server thread/WARN] [net.minecraft.world.level.entity.PersistentEntitySectionManager/]: UUID of added entity already exists: FallingBlockEntity['Falling Hanging Coconut'/229572, l='ServerLevel[world]', x=3035.50, y=75.00, z=-1931.50]
[02Feb2026 02:00:33.467] [Server thread/INFO] [net.minecraft.world.entity.LivingEntity/]: Named entity Zombie['Mutated Zombie'/171774, l='ServerLevel[world]', x=3144.84, y=-14.00, z=-1983.50] died: Mutated Zombie was shot by NamelessB
[02Feb2026 02:02:00.941] [Server thread/WARN] [net.minecraft.server.level.ServerEntity/]: Fetching packet for removed entity ItemEntity['Ender Pearl'/50299, l='ServerLevel[world]', x=-324.89, y=70.00, z=-318.50, removed=DISCARDED]
[02Feb2026 02:02:00.947] [Server thread/INFO] [net.minecraft.server.MinecraftServer/]: [r4six_vzl: Teleported r4six_vzl to -319.500000, 80.500000, -302.500000]
[02Feb2026 02:02:01.189] [Server thread/WARN] [net.minecraft.server.level.ServerEntity/]: Fetching packet for removed entity ItemEntity['Ender Pearl'/50299, l='ServerLevel[world]', x=-324.89, y=70.00, z=-318.50, removed=DISCARDED]
[02Feb2026 02:02:01.196] [Server thread/WARN] [net.minecraft.server.level.ServerEntity/]: Fetching packet for removed entity ItemEntity['Phantom Membrane'/2353, l='ServerLevel[world]', x=-314.26, y=74.00, z=-275.50, removed=DISCARDED]
[02Feb2026 02:02:02.355] [Server thread/INFO] [net.minecraft.server.MinecraftServer/]: [r4six_vzl: Teleported NamelessB to r4six_vzl]
[02Feb2026 02:02:02.411] [Server thread/WARN] [net.minecraft.server.level.ServerEntity/]: Fetching packet for removed entity ItemEntity['Phantom Membrane'/2353, l='ServerLevel[world]', x=-314.26, y=74.00, z=-275.50, removed=DISCARDED]
[02Feb2026 02:02:02.412] [Server thread/WARN] [net.minecraft.server.level.ServerEntity/]: Fetching packet for removed entity ItemEntity['Ender Pearl'/50299, l='ServerLevel[world]', x=-324.89, y=70.00, z=-318.50, removed=DISCARDED]
[02Feb2026 02:02:42.263] [Server thread/INFO] [fastsuite/]: Constructed recipe list for minecraft:smelting in 175.6 μs. 209/209 recipes are parallelized.
[02Feb2026 02:06:23.168] [Server thread/WARN] [net.minecraft.server.network.ServerGamePacketListenerImpl/]: r4six_vzl moved wrongly!
[02Feb2026 02:06:29.259] [Server thread/WARN] [net.minecraft.server.level.ServerEntity/]: Fetching packet for removed entity ItemEntity['Ender Pearl'/252265, l='ServerLevel[world]', x=-348.30, y=71.94, z=-275.49, removed=DISCARDED]
[02Feb2026 02:06:29.260] [Server thread/WARN] [net.minecraft.server.level.ServerEntity/]: Fetching packet for removed entity ItemEntity['Ender Pearl'/252265, l='ServerLevel[world]', x=-348.30, y=71.94, z=-275.49, removed=DISCARDED]
[02Feb2026 02:07:20.417] [Server thread/WARN] [net.minecraft.server.network.ServerGamePacketListenerImpl/]: r4six_vzl moved wrongly!
[02Feb2026 02:09:24.547] [Server thread/INFO] [net.minecraft.server.MinecraftServer/]: [r4six_vzl: Teleported r4six_vzl to 3180.500000, 2.500000, -2055.500000]
[02Feb2026 02:10:26.355] [Server thread/ERROR] [net.minecraft.world.entity.ai.village.poi.PoiSection/]: POI data mismatch: never registered at BlockPos{x=3030, y=72, z=-2057}
[02Feb2026 02:11:16.829] [Server thread/WARN] [net.minecraft.server.level.ServerPlayerGameMode/]: Mismatch in destroy block pos: BlockPos{x=3019, y=66, z=-2041} BlockPos{x=3018, y=65, z=-2039}
[02Feb2026 02:11:58.802] [Server thread/WARN] [net.minecraft.world.level.entity.PersistentEntitySectionManager/]: UUID of added entity already exists: FallingBlockEntity['Falling Hanging Coconut'/269063, l='ServerLevel[world]', x=3034.50, y=72.00, z=-1955.50]
[02Feb2026 02:11:59.826] [Server thread/WARN] [net.minecraft.server.level.ServerEntity/]: Fetching packet for removed entity ItemEntity['Coconut Slice'/269121, l='ServerLevel[world]', x=3034.45, y=64.29, z=-1955.49, removed=DISCARDED]
[02Feb2026 02:12:06.979] [Server thread/WARN] [net.minecraft.server.level.ServerEntity/]: Fetching packet for removed entity ItemEntity['Coconut Slice'/269121, l='ServerLevel[world]', x=3034.45, y=64.29, z=-1955.49, removed=DISCARDED]
[02Feb2026 02:12:58.003] [Server thread/WARN] [net.minecraft.world.level.entity.PersistentEntitySectionManager/]: UUID of added entity already exists: FallingBlockEntity['Falling Hanging Coconut'/272489, l='ServerLevel[world]', x=2924.50, y=80.00, z=-1962.50]
[02Feb2026 02:12:59.032] [Server thread/WARN] [net.minecraft.server.level.ServerEntity/]: Fetching packet for removed entity ItemEntity['Coconut Slice'/272549, l='ServerLevel[world]', x=2924.36, y=73.37, z=-1962.63, removed=DISCARDED]
[02Feb2026 02:14:38.713] [Server thread/WARN] [net.minecraft.server.level.ServerEntity/]: Fetching packet for removed entity ItemEntity['Phantom Membrane'/277965, l='ServerLevel[world]', x=2683.30, y=-19.00, z=-1907.50, removed=DISCARDED]
[02Feb2026 02:15:44.163] [Server thread/WARN] [net.minecraft.world.level.chunk.LevelChunk/]: Tried to load a DUMMY block entity @ BlockPos{x=2466, y=133, z=-1605} but found not block entity block Block{minecraft:air} at location
[02Feb2026 02:15:59.385] [Server thread/WARN] [net.minecraft.world.level.chunk.LevelChunk/]: Tried to load a block entity for block Block{minecraft:air} but failed at location BlockPos{x=2466, y=133, z=-1605}
[02Feb2026 02:15:59.385] [Server thread/WARN] [net.minecraft.world.level.chunk.LevelChunk/]: Tried to load a DUMMY block entity @ BlockPos{x=2464, y=135, z=-1601} but found not block entity block Block{minecraft:air} at location
[02Feb2026 02:15:59.385] [Server thread/WARN] [net.minecraft.world.level.chunk.LevelChunk/]: Tried to load a block entity for block Block{minecraft:air} but failed at location BlockPos{x=2464, y=135, z=-1601}
[02Feb2026 02:15:59.386] [Server thread/WARN] [net.minecraft.world.level.chunk.LevelChunk/]: Tried to load a DUMMY block entity @ BlockPos{x=2465, y=135, z=-1601} but found not block entity block Block{minecraft:air} at location
[02Feb2026 02:15:59.386] [Server thread/WARN] [net.minecraft.world.level.chunk.LevelChunk/]: Tried to load a block entity for block Block{minecraft:air} but failed at location BlockPos{x=2465, y=135, z=-1601}
[02Feb2026 02:15:59.386] [Server thread/WARN] [net.minecraft.world.level.chunk.LevelChunk/]: Tried to load a DUMMY block entity @ BlockPos{x=2464, y=135, z=-1606} but found not block entity block Block{minecraft:air} at location
[02Feb2026 02:15:59.386] [Server thread/WARN] [net.minecraft.world.level.chunk.LevelChunk/]: Tried to load a block entity for block Block{minecraft:air} but failed at location BlockPos{x=2464, y=135, z=-1606}
[02Feb2026 02:15:59.386] [Server thread/WARN] [net.minecraft.world.level.chunk.LevelChunk/]: Tried to load a DUMMY block entity @ BlockPos{x=2464, y=137, z=-1602} but found not block entity block Block{minecraft:air} at location
[02Feb2026 02:15:59.386] [Server thread/WARN] [net.minecraft.world.level.chunk.LevelChunk/]: Tried to load a block entity for block Block{minecraft:air} but failed at location BlockPos{x=2464, y=137, z=-1602}
[02Feb2026 02:15:59.386] [Server thread/WARN] [net.minecraft.world.level.chunk.LevelChunk/]: Tried to load a DUMMY block entity @ BlockPos{x=2464, y=137, z=-1601} but found not block entity block Block{minecraft:air} at location
[02Feb2026 02:15:59.386] [Server thread/WARN] [net.minecraft.world.level.chunk.LevelChunk/]: Tried to load a block entity for block Block{minecraft:air} but failed at location BlockPos{x=2464, y=137, z=-1601}
[02Feb2026 02:15:59.387] [Server thread/WARN] [net.minecraft.world.level.chunk.LevelChunk/]: Tried to load a DUMMY block entity @ BlockPos{x=2465, y=135, z=-1603} but found not block entity block Block{minecraft:air} at location
[02Feb2026 02:15:59.387] [Server thread/WARN] [net.minecraft.world.level.chunk.LevelChunk/]: Tried to load a block entity for block Block{minecraft:air} but failed at location BlockPos{x=2465, y=135, z=-1603}
[02Feb2026 02:15:59.387] [Server thread/WARN] [net.minecraft.world.level.chunk.LevelChunk/]: Tried to load a DUMMY block entity @ BlockPos{x=2464, y=135, z=-1602} but found not block entity block Block{minecraft:air} at location
[02Feb2026 02:15:59.387] [Server thread/WARN] [net.minecraft.world.level.chunk.LevelChunk/]: Tried to load a block entity for block Block{minecraft:air} but failed at location BlockPos{x=2464, y=135, z=-1602}
[02Feb2026 02:15:59.387] [Server thread/WARN] [net.minecraft.world.level.chunk.LevelChunk/]: Tried to load a DUMMY block entity @ BlockPos{x=2465, y=136, z=-1601} but found not block entity block Block{minecraft:air} at location
[02Feb2026 02:15:59.388] [Server thread/WARN] [net.minecraft.world.level.chunk.LevelChunk/]: Tried to load a block entity for block Block{minecraft:air} but failed at location BlockPos{x=2465, y=136, z=-1601}
[02Feb2026 02:15:59.388] [Server thread/WARN] [net.minecraft.world.level.chunk.LevelChunk/]: Tried to load a DUMMY block entity @ BlockPos{x=2465, y=134, z=-1603} but found not block entity block Block{minecraft:air} at location
[02Feb2026 02:15:59.388] [Server thread/WARN] [net.minecraft.world.level.chunk.LevelChunk/]: Tried to load a block entity for block Block{minecraft:air} but failed at location BlockPos{x=2465, y=134, z=-1603}
[02Feb2026 02:15:59.388] [Server thread/WARN] [net.minecraft.world.level.chunk.LevelChunk/]: Tried to load a DUMMY block entity @ BlockPos{x=2466, y=132, z=-1605} but found not block entity block Block{minecraft:air} at location
[02Feb2026 02:15:59.389] [Server thread/WARN] [net.minecraft.world.level.chunk.LevelChunk/]: Tried to load a block entity for block Block{minecraft:air} but failed at location BlockPos{x=2466, y=132, z=-1605}
[02Feb2026 02:15:59.389] [Server thread/WARN] [net.minecraft.world.level.chunk.LevelChunk/]: Tried to load a DUMMY block entity @ BlockPos{x=2465, y=134, z=-1601} but found not block entity block Block{minecraft:air} at location
[02Feb2026 02:15:59.389] [Server thread/WARN] [net.minecraft.world.level.chunk.LevelChunk/]: Tried to load a block entity for block Block{minecraft:air} but failed at location BlockPos{x=2465, y=134, z=-1601}
[02Feb2026 02:15:59.389] [Server thread/WARN] [net.minecraft.world.level.chunk.LevelChunk/]: Tried to load a DUMMY block entity @ BlockPos{x=2464, y=136, z=-1606} but found not block entity block Block{minecraft:air} at location
[02Feb2026 02:15:59.390] [Server thread/WARN] [net.minecraft.world.level.chunk.LevelChunk/]: Tried to load a block entity for block Block{minecraft:air} but failed at location BlockPos{x=2464, y=136, z=-1606}
[02Feb2026 02:15:59.390] [Server thread/WARN] [net.minecraft.world.level.chunk.LevelChunk/]: Tried to load a DUMMY block entity @ BlockPos{x=2464, y=138, z=-1601} but found not block entity block Block{minecraft:air} at location
[02Feb2026 02:15:59.390] [Server thread/WARN] [net.minecraft.world.level.chunk.LevelChunk/]: Tried to load a block entity for block Block{minecraft:air} but failed at location BlockPos{x=2464, y=138, z=-1601}
[02Feb2026 02:15:59.390] [Server thread/WARN] [net.minecraft.world.level.chunk.LevelChunk/]: Tried to load a DUMMY block entity @ BlockPos{x=2464, y=136, z=-1602} but found not block entity block Block{minecraft:air} at location
[02Feb2026 02:15:59.390] [Server thread/WARN] [net.minecraft.world.level.chunk.LevelChunk/]: Tried to load a block entity for block Block{minecraft:air} but failed at location BlockPos{x=2464, y=136, z=-1602}
[02Feb2026 02:15:59.391] [Server thread/WARN] [net.minecraft.world.level.chunk.LevelChunk/]: Tried to load a DUMMY block entity @ BlockPos{x=2466, y=134, z=-1605} but found not block entity block Block{minecraft:air} at location
[02Feb2026 02:15:59.391] [Server thread/WARN] [net.minecraft.world.level.chunk.LevelChunk/]: Tried to load a block entity for block Block{minecraft:air} but failed at location BlockPos{x=2466, y=134, z=-1605}
[02Feb2026 02:15:59.391] [Server thread/WARN] [net.minecraft.world.level.chunk.LevelChunk/]: Tried to load a DUMMY block entity @ BlockPos{x=2464, y=136, z=-1601} but found not block entity block Block{minecraft:air} at location
[02Feb2026 02:15:59.391] [Server thread/WARN] [net.minecraft.world.level.chunk.LevelChunk/]: Tried to load a block entity for block Block{minecraft:air} but failed at location BlockPos{x=2464, y=136, z=-1601}
[02Feb2026 02:15:59.459] [Server thread/WARN] [net.minecraft.server.network.ServerGamePacketListenerImpl/]: r4six_vzl moved too quickly! -3.422834922470429,-0.676470876144279,9.487680489714194
[02Feb2026 02:16:44.199] [Server Watchdog/ERROR] [net.minecraft.server.dedicated.ServerWatchdog/FATAL]: A single server tick took 60.00 seconds (should be max 0.05)
[02Feb2026 02:16:59.401] [Server Watchdog/ERROR] [net.minecraft.server.dedicated.ServerWatchdog/FATAL]: Considering it to be crashed, server will forcibly shutdown.
[02Feb2026 02:16:59.401] [Server thread/WARN] [net.minecraft.server.MinecraftServer/]: Can't keep up! Is the server overloaded? Running 75203ms or 1504 ticks behind
[02Feb2026 02:17:00.334] [Server Watchdog/FATAL] [net.minecraftforge.common.ForgeMod/]: Preparing crash report with UUID d35fc69b-43da-4455-89ef-7bec2203354f
[02Feb2026 02:17:00.658] [Server thread/INFO] [net.minecraft.server.MinecraftServer/]: [Not Secure] <r4six_vzl> saf
[02Feb2026 02:17:59.447] [Server thread/WARN] [net.minecraft.server.network.ServerGamePacketListenerImpl/]: r4six_vzl moved too quickly! -5.839504421081074,-0.8378585789729982,8.236676479024027
[02Feb2026 02:18:59.462] [Server Watchdog/FATAL] [net.minecraftforge.common.ForgeMod/]: Preparing crash report with UUID 83603381-7fb4-4ded-b0ae-ac00acc235fe
[02Feb2026 02:18:59.573] [Server thread/INFO] [BinocularsItem/]: BinocularsItem use() called. Hand: MAIN_HAND, Player: r4six_vzl
[02Feb2026 02:19:59.419] [Server thread/INFO] [BinocularsItem/]: Current item usage state: false
[02Feb2026 02:19:59.419] [Server Watchdog/ERROR] [net.minecraft.server.dedicated.ServerWatchdog/]: This crash report has been saved to: /workspaces/serverzombie/servidor_minecraft/./crash-reports/crash-2026-02-02_02.18.59-server.txt
[02Feb2026 02:19:59.420] [Server thread/INFO] [BinocularsItem/]: Sending network message from server
